15-de-septiembre-483	15 DE SEPTIEMBRE	Puebla	Puebla	72227	Exacta
16-de-septiembre-sur-128	16 DE SEPTIEMBRE SUR	Puebla	Puebla	72474	Exacta
18-de-marzo-1095	18 DE MARZO	Puebla	Puebla	72595	Exacta
22-de-septiembre-9	22 DE SEPTIEMBRE	Puebla	Puebla	72570	Exacta
2-de-marzo-313	2 DE MARZO	Puebla	Puebla	72227	Exacta
2-de-octubre-432	2 DE OCTUBRE	Puebla	Puebla	72498	Exacta
6-de-junio-961	6 DE JUNIO	Puebla	Puebla	72227	Exacta
8-de-diciembre-301	8 DE DICIEMBRE	Puebla	Puebla	72227	Exacta
agricola-ignacio-zaragoza-718	AGRICOLA IGNACIO ZARAGOZA	Puebla	Puebla	72100	Exacta
agricola-resurgimiento-1648	AGRICOLA RESURGIMIENTO	Puebla	Puebla	72370	Exacta
alberto-de-la-fuente-27	ALBERTO DE LA FUENTE	Puebla	Puebla	72105	Exacta
aldama-257	ALDAMA	Puebla	Puebla	72280	Exacta
alpha-2-370	ALPHA 2	Puebla	Puebla	72424	Exacta
alseseca-2	ALSESECA	Puebla	Puebla	72543	Exacta
alvaro-obregon-494	ALVARO OBREGON	Puebla	Puebla	72505	Exacta
amaluquilla-1101	AMALUQUILLA	Puebla	Puebla	72360	Exacta
america-norte-263	AMERICA NORTE	Puebla	Puebla	72340	Exacta
america-sur-42	AMERICA SUR	Puebla	Puebla	72340	Exacta
amor-84	AMOR	Puebla	Puebla	72140	Exacta
ampliacion-2-de-marzo-1122	AMPLIACION 2 DE MARZO	Puebla	Puebla	72227	Exacta
ampliacion-balcones-del-sur-458	AMPLIACION BALCONES DEL SUR	Puebla	Puebla	72497	Exacta
ampliacion-jardines-de-juan-bosco-519	AMPLIACION JARDINES DE JUAN BOSCO	Puebla	Puebla	72498	Exacta
ampliacion-playas-del-sur-563	AMPLIACION PLAYAS DEL SUR	Puebla	Puebla	72495	Exacta
ampliacion-union-antorchista-1782	AMPLIACION UNION ANTORCHISTA	Puebla	Puebla	72490	Exacta
analco-1265	ANALCO	Puebla	Puebla	72500	Exacta
angeles-de-puebla-1486	ANGELES DE PUEBLA	Puebla	Puebla	72219	Exacta
angelopolis-1412	ANGELOPOLIS	Puebla	Puebla	72193	Exacta
antigua-hacienda-1758	ANTIGUA HACIENDA	Puebla	Puebla	72490	Exacta
anzures-17	ANZURES	Puebla	Puebla	72530	Exacta
arboledas-de-amalucan-1179	ARBOLEDAS DE AMALUCAN	Puebla	Puebla	72310	Exacta
arboledas-de-loma-bella-131	ARBOLEDAS DE LOMA BELLA	Puebla	Puebla	72474	Exacta
arboledas-del-sur-866	ARBOLEDAS DEL SUR	Puebla	Puebla	72565	Exacta
arboledas-de-xilotzingo-878	ARBOLEDAS DE XILOTZINGO	Puebla	Puebla	72595	Exacta
arboledas-de-zavaleta-1664	ARBOLEDAS DE ZAVALETA	Puebla	Puebla	72150	Exacta
arcos-del-sur-1345	ARCOS DEL SUR	Puebla	Puebla	72176	Exacta
azteca-1170	AZTECA	Puebla	Puebla	72270	Exacta
azteca-1582	AZTECA	Puebla	Puebla	72270	Exacta
azteca-262	AZTECA	Puebla	Puebla	72270	Exacta
balcones-del-sur-457	BALCONES DEL SUR	Puebla	Puebla	72499	Exacta
banco-de-puebla-29	BANCO DE PUEBLA	Puebla	Puebla	72500	Exacta
banus-504	BANUS	Puebla	Puebla	72599	Exacta
barranca-honda-183	BARRANCA HONDA	Puebla	Puebla	72014	Exacta
barrios-de-arboledas-134	BARRIOS DE ARBOLEDAS	Puebla	Puebla	72590	Exacta
barrios-de-santa-catarina-743	BARRIOS DE SANTA CATARINA	Puebla	Puebla	72595	Exacta
belen-1475	BELEN	Puebla	Puebla	72595	Exacta
belisario-dominguez-1138	BELISARIO DOMINGUEZ	Puebla	Puebla	72180	Exacta
bellas-artes-1401	BELLAS ARTES	Puebla	Puebla	72170	Exacta
bella-vista-23	BELLA VISTA	Puebla	Puebla	72500	Exacta
bella-vista-1255	BELLA VISTA	Puebla	Puebla	72500	Exacta
bosques-de-amalucan-1161	BOSQUES DE AMALUCAN	Puebla	Puebla	72310	Exacta
bosques-de-angelopolis-1456	BOSQUES DE ANGELOPOLIS	Puebla	Puebla	72453	Exacta
bosques-de-chapultepec-1240	BOSQUES DE CHAPULTEPEC	Puebla	Puebla	72597	Exacta
bosques-de-los-angeles-310	BOSQUES DE LOS ANGELES	Puebla	Puebla	72227	Exacta
bosques-del-pilar-1164	BOSQUES DEL PILAR	Puebla	Puebla	72310	Exacta
bosques-de-manzanilla-300	BOSQUES DE MANZANILLA	Puebla	Puebla	72307	Exacta
bosques-de-santa-anita-302	BOSQUES DE SANTA ANITA	Puebla	Puebla	72227	Exacta
bosques-de-zavaleta-1676	BOSQUES DE ZAVALETA	Puebla	Puebla	72150	Exacta
britania-la-calera-1527	BRITANIA LA CALERA	Puebla	Puebla	72574	Exacta
buenos-aires-1254	BUENOS AIRES	Puebla	Puebla	72290	Exacta
buenos-aires-250	BUENOS AIRES	Puebla	Puebla	72290	Exacta
calpulli-sur-1679	CALPULLI SUR	Puebla	Puebla	72480	Exacta
camino-real-1339	CAMINO REAL	Puebla	Puebla	72595	Exacta
camino-real-132	CAMINO REAL	Puebla	Puebla	72595	Exacta
campestre-covadonga-237	CAMPESTRE COVADONGA	Puebla	Puebla	72100	Exacta
campestre-del-bosque-11	CAMPESTRE DEL BOSQUE	Puebla	Puebla	72115	Exacta
campestre-del-valle-877	CAMPESTRE DEL VALLE	Puebla	Puebla	72595	Exacta
campestre-mayorazgo-409	CAMPESTRE MAYORAZGO	Puebla	Puebla	72468	Exacta
campestre-san-isidro-965	CAMPESTRE SAN ISIDRO	Puebla	Puebla	72229	Exacta
carmen-huexotitla-71	CARMEN HUEXOTITLA	Puebla	Puebla	72534	Exacta
carmen-serdan-1767	CARMEN SERDAN	Puebla	Puebla	72495	Exacta
chapultepec-706	CHAPULTEPEC	Puebla	Puebla	72320	Exacta
chula-vista-346	CHULA VISTA	Puebla	Puebla	72420	Exacta
chula-vista-1471	CHULA VISTA	Puebla	Puebla	72420	Exacta
cinco-de-mayo-256	CINCO DE MAYO	Puebla	Puebla	72270	Exacta
cipreses-de-mayorazgo-802	CIPRESES DE MAYORAZGO	Puebla	Puebla	72480	Exacta
ciudad-universitaria-144	CIUDAD UNIVERSITARIA	Puebla	Puebla	72592	Exacta
colonial-san-jeronimo-213	COLONIAL SAN JERONIMO	Puebla	Puebla	72100	Exacta
concepcion-las-lajas-1441	CONCEPCION LAS LAJAS	Puebla	Puebla	72190	Exacta
constitucion-mexicana-452	CONSTITUCION MEXICANA	Puebla	Puebla	72499	Exacta
corredor-industrial-la-cienega-288	CORREDOR INDUSTRIAL LA CIENEGA	Puebla	Puebla	72220	Exacta
cosmos-1564	COSMOS	Puebla	Puebla	72370	Exacta
cristobal-colon-260	CRISTOBAL COLON	Puebla	Puebla	72330	Exacta
cuitlahuac-1177	CUITLAHUAC	Puebla	Puebla	72967	Exacta
del-arte-1381	DEL ARTE	Puebla	Puebla	72194	Exacta
diez-de-mayo-271	DIEZ DE MAYO	Puebla	Puebla	72270	Exacta
eclipse-416	ECLIPSE	Puebla	Puebla	72480	Exacta
educadores-435	EDUCADORES	Puebla	Puebla	72498	Exacta
el-alto-253	EL ALTO	Puebla	Puebla	72290	Exacta
el-angel-25	EL ANGEL	Puebla	Puebla	72533	Exacta
el-carmen-405	EL CARMEN	Puebla	Puebla	72530	Exacta
el-carmen-69	EL CARMEN	Puebla	Puebla	72530	Exacta
el-castillo-525	EL CASTILLO	Puebla	Puebla	72498	Exacta
el-cerrito-379	EL CERRITO	Puebla	Puebla	72440	Exacta
el-chamizal-49	EL CHAMIZAL	Puebla	Puebla	72380	Exacta
el-chamizal-191	EL CHAMIZAL	Puebla	Puebla	72380	Exacta
el-conde-891	EL CONDE	Puebla	Puebla	72014	Exacta
el-cristo-1115	EL CRISTO	Puebla	Puebla	72340	Exacta
el-cristo-498	EL CRISTO	Puebla	Puebla	72340	Exacta
eleganza-929	ELEGANZA	Puebla	Puebla	72470	Exacta
el-fresno-401	EL FRESNO	Puebla	Puebla	72103	Exacta
el-fresno-196	EL FRESNO	Puebla	Puebla	72103	Exacta
el-mirador-6	EL MIRADOR	Puebla	Puebla	72530	Exacta
el-paraiso-1347	EL PARAISO	Puebla	Puebla	72450	Exacta
el-pinal-163	EL PINAL	Puebla	Puebla	72210	Exacta
el-porvenir-265	EL PORVENIR	Puebla	Puebla	72330	Exacta
el-progreso-386	EL PROGRESO	Puebla	Puebla	72450	Exacta
el-refugio-143	EL REFUGIO	Puebla	Puebla	72495	Exacta
el-refugio-441	EL REFUGIO	Puebla	Puebla	72495	Exacta
el-riego-norte-721	EL RIEGO NORTE	Puebla	Puebla	72103	Exacta
el-riego-sur-720	EL RIEGO SUR	Puebla	Puebla	72020	Exacta
elsa-cordova-1774	ELSA CORDOVA	Puebla	Puebla	72495	Exacta
el-salvador-1173	EL SALVADOR	Puebla	Puebla	72365	Exacta
el-saucedal-1447	EL SAUCEDAL	Puebla	Puebla	72464	Exacta
el-tamborcito-126	EL TAMBORCITO	Puebla	Puebla	72094	Exacta
el-triunfo-442	EL TRIUNFO	Puebla	Puebla	72490	Exacta
emperador-688	EMPERADOR	Puebla	Puebla	72470	Exacta
emperatriz-169	EMPERATRIZ	Puebla	Puebla	72016	Exacta
estacion-nueva-157	ESTACION NUEVA	Puebla	Puebla	72223	Exacta
estrella-del-sur-1346	ESTRELLA DEL SUR	Puebla	Puebla	72190	Exacta
everest-383	EVEREST	Puebla	Puebla	72456	Exacta
fauna-marina-968	FAUNA MARINA	Puebla	Puebla	72260	Exacta
flor-del-sur-997	FLOR DEL SUR	Puebla	Puebla	72498	Exacta
flores-del-pedregal-604	FLORES DEL PEDREGAL	Puebla	Puebla	72495	Exacta
fovissste-san-manuel-95	FOVISSSTE SAN MANUEL	Puebla	Puebla	72570	Exacta
fovissste-san-roque-411	FOVISSSTE SAN ROQUE	Puebla	Puebla	72460	Exacta
framboyanes-1558	FRAMBOYANES	Puebla	Puebla	72595	Exacta
francisco-javier-clavijero-333	FRANCISCO JAVIER CLAVIJERO	Puebla	Puebla	72390	Exacta
francisco-villa-110	FRANCISCO VILLA	Puebla	Puebla	72020	Exacta
francisco-villa-1568	FRANCISCO VILLA	Puebla	Puebla	72020	Exacta
fraternidad-antorchista-456	FRATERNIDAD ANTORCHISTA	Puebla	Puebla	72499	Exacta
fuentes-de-moratilla-210	FUENTES DE MORATILLA	Puebla	Puebla	72110	Exacta
fundadores-136	FUNDADORES	Puebla	Puebla	72580	Exacta
fundadores-de-zavaleta-759	FUNDADORES DE ZAVALETA	Puebla	Puebla	72176	Exacta
gabriel-pastor-2a-seccion-471	GABRIEL PASTOR 2a SECCION	Puebla	Puebla	72425	Exacta
galaxia-la-laguna-508	GALAXIA LA LAGUNA	Puebla	Puebla	72480	Exacta
geovillas-del-sur-1761	GEOVILLAS DEL SUR	Puebla	Puebla	72495	Exacta
geovillas-los-encinos-501	GEOVILLAS LOS ENCINOS	Puebla	Puebla	72593	Exacta
gerona-946	GERONA	Puebla	Puebla	72470	Exacta
granjas-atoyac-365	GRANJAS ATOYAC	Puebla	Puebla	72410	Exacta
granjas-atoyac-1757	GRANJAS ATOYAC	Puebla	Puebla	72410	Exacta
granjas-bugambilias-1579	GRANJAS BUGAMBILIAS	Puebla	Puebla	72470	Exacta
granjas-del-sur-397	GRANJAS DEL SUR	Puebla	Puebla	72470	Exacta
granjas-mayorazgo-418	GRANJAS MAYORAZGO	Puebla	Puebla	72480	Exacta
granjas-puebla-638	GRANJAS PUEBLA	Puebla	Puebla	72490	Exacta
granjas-puebla-608	GRANJAS PUEBLA	Puebla	Puebla	72490	Exacta
granjas-puebla-854	GRANJAS PUEBLA	Puebla	Puebla	72490	Exacta
guadalupe-470	GUADALUPE	Puebla	Puebla	72595	Exacta
guadalupe-990	GUADALUPE	Puebla	Puebla	72595	Exacta
guadalupe-caleras-212	GUADALUPE CALERAS	Puebla	Puebla	72100	Exacta
guadalupe-hidalgo-427	GUADALUPE HIDALGO	Puebla	Puebla	72490	Exacta
gustavo-diaz-ordaz-371	GUSTAVO DIAZ ORDAZ	Puebla	Puebla	72410	Exacta
hacienda-del-sur-896	HACIENDA DEL SUR	Puebla	Puebla	72490	Exacta
hacienda-de-manzanilla-1087	HACIENDA DE MANZANILLA	Puebla	Puebla	72229	Exacta
hacienda-el-cobre-844	HACIENDA EL COBRE	Puebla	Puebla	72490	Exacta
hacienda-las-fuentes-1776	HACIENDA LAS FUENTES	Puebla	Puebla	72495	Exacta
hacienda-los-olivos-886	HACIENDA LOS OLIVOS	Puebla	Puebla	72106	Exacta
hacienda-san-diego-620	HACIENDA SAN DIEGO	Puebla	Puebla	72498	Exacta
hacienda-san-jose-812	HACIENDA SAN JOSE	Puebla	Puebla	72590	Exacta
hacienda-santa-clara-837	HACIENDA SANTA CLARA	Puebla	Puebla	72498	Exacta
heritage-ii-629	HERITAGE II	Puebla	Puebla	72574	Exacta
hermosa-provincia-1092	HERMOSA PROVINCIA	Puebla	Puebla	72350	Exacta
heroe-de-nacozari-343	HEROE DE NACOZARI	Puebla	Puebla	72423	Exacta
heroes-del-5-de-mayo-255	HEROES DEL 5 DE MAYO	Puebla	Puebla	72280	Exacta
heroes-de-puebla-1751	HEROES DE PUEBLA	Puebla	Puebla	72520	Exacta
heroes-de-puebla-1526	HEROES DE PUEBLA	Puebla	Puebla	72520	Exacta
hidalgo-146	HIDALGO	Puebla	Puebla	72260	Exacta
hidalgo-933	HIDALGO	Puebla	Puebla	72260	Exacta
historiadores-666	HISTORIADORES	Puebla	Puebla	72365	Exacta
humboldt-norte-259	HUMBOLDT NORTE	Puebla	Puebla	72370	Exacta
humboldt-sur-39	HUMBOLDT SUR	Puebla	Puebla	72370	Exacta
ignacio-mariscal-1181	IGNACIO MARISCAL	Puebla	Puebla	72014	Exacta
ignacio-romero-vargas-1561	IGNACIO ROMERO VARGAS	Puebla	Puebla	72120	Exacta
independencia-caleras-211	INDEPENDENCIA CALERAS	Puebla	Puebla	72100	Exacta
indios-verdes-969	INDIOS VERDES	Puebla	Puebla	72228	Exacta
infonavit-loma-bella-422	INFONAVIT LOMA BELLA	Puebla	Puebla	72474	Exacta
infonavit-san-miguel-mayorazgo-428	INFONAVIT SAN MIGUEL MAYORAZGO	Puebla	Puebla	72480	Exacta
insurgentes-oriente-882	INSURGENTES ORIENTE	Puebla	Puebla	72540	Exacta
iturbide-264	ITURBIDE	Puebla	Puebla	72270	Exacta
jardin-1000	JARDIN	Puebla	Puebla	72474	Exacta
jardin-399	JARDIN	Puebla	Puebla	72474	Exacta
jardines-de-bugambilias-130	JARDINES DE BUGAMBILIAS	Puebla	Puebla	72474	Exacta
jardines-de-castillotla-527	JARDINES DE CASTILLOTLA	Puebla	Puebla	72498	Exacta
jardines-de-castillotla-1084	JARDINES DE CASTILLOTLA	Puebla	Puebla	72498	Exacta
jardines-de-la-joya-769	JARDINES DE LA JOYA	Puebla	Puebla	72520	Exacta
jardines-del-sur-460	JARDINES DEL SUR	Puebla	Puebla	72495	Exacta
jardines-de-saint-germain-795	JARDINES DE SAINT GERMAIN	Puebla	Puebla	72574	Exacta
jardines-de-san-manuel-730	JARDINES DE SAN MANUEL	Puebla	Puebla	72570	Exacta
jardines-de-san-ramon-640	JARDINES DE SAN RAMON	Puebla	Puebla	72498	Exacta
jardines-de-santa-rosa-708	JARDINES DE SANTA ROSA	Puebla	Puebla	72495	Exacta
jardines-de-santiago-1665	JARDINES DE SANTIAGO	Puebla	Puebla	72584	Exacta
jardines-de-santiago-1650	JARDINES DE SANTIAGO	Puebla	Puebla	72584	Exacta
jardines-de-santiago-1317	JARDINES DE SANTIAGO	Puebla	Puebla	72584	Exacta
jardines-de-zavaleta-765	JARDINES DE ZAVALETA	Puebla	Puebla	72150	Exacta
jesus-garcia-122	JESUS GARCIA	Puebla	Puebla	72090	Exacta
jesus-gonzalez-ortega-114	JESUS GONZALEZ ORTEGA	Puebla	Puebla	72040	Exacta
joaquin-colombres-303	JOAQUIN COLOMBRES	Puebla	Puebla	72300	Exacta
jorge-obispo-1028	JORGE OBISPO	Puebla	Puebla	72227	Exacta
jose-maria-morelos-y-pavon-116	JOSE MARIA MORELOS Y PAVON	Puebla	Puebla	72260	Exacta
juan-pablo-ii-1033	JUAN PABLO II	Puebla	Puebla	72595	Exacta
la-ahogada-57	LA AHOGADA	Puebla	Puebla	72130	Exacta
la-barranca-305	LA BARRANCA	Puebla	Puebla	72229	Exacta
la-calera-662	LA CALERA	Puebla	Puebla	72520	Exacta
la-carmelita-430	LA CARMELITA	Puebla	Puebla	72498	Exacta
la-chispa-544	LA CHISPA	Puebla	Puebla	72490	Exacta
la-cima-1464	LA CIMA	Puebla	Puebla	72464	Exacta
la-condesa-467	LA CONDESA	Puebla	Puebla	72014	Exacta
ladrillera-de-benitez-19	LADRILLERA DE BENITEZ	Puebla	Puebla	72530	Exacta
la-giralda-920	LA GIRALDA	Puebla	Puebla	72490	Exacta
la-gloria-44	LA GLORIA	Puebla	Puebla	72370	Exacta
lagulena-1566	LAGULENA	Puebla	Puebla	72580	Exacta
la-hacienda-0	LA HACIENDA	Puebla	Puebla	72570	Exacta
la-josefina-1578	LA JOSEFINA	Puebla	Puebla	72219	Exacta
la-joya-728	LA JOYA	Puebla	Puebla	72520	Exacta
la-joya-1207	LA JOYA	Puebla	Puebla	72520	Exacta
la-joya-1202	LA JOYA	Puebla	Puebla	72520	Exacta
la-joya-875	LA JOYA	Puebla	Puebla	72520	Exacta
la-libertad-725	LA LIBERTAD	Puebla	Puebla	72130	Exacta
la-luz-33	LA LUZ	Puebla	Puebla	72377	Exacta
la-mora-129	LA MORA	Puebla	Puebla	72587	Exacta
la-noria-1485	LA NORIA	Puebla	Puebla	72410	Exacta
la-palma-1102	LA PALMA	Puebla	Puebla	72360	Exacta
la-paz-214	LA PAZ	Puebla	Puebla	72160	Exacta
la-resurreccion-315	LA RESURRECCION	Puebla	Puebla	72227	Exacta
las-animas-1459	LAS ANIMAS	Puebla	Puebla	72400	Exacta
las-animas-360	LAS ANIMAS	Puebla	Puebla	72400	Exacta
las-aves-380	LAS AVES	Puebla	Puebla	72582	Exacta
las-brisas-5	LAS BRISAS	Puebla	Puebla	72567	Exacta
las-carmelitas-417	LAS CARMELITAS	Puebla	Puebla	72480	Exacta
las-cuartillas-726	LAS CUARTILLAS	Puebla	Puebla	72050	Exacta
las-glorias-133	LAS GLORIAS	Puebla	Puebla	72590	Exacta
las-hadas-1286	LAS HADAS	Puebla	Puebla	72070	Exacta
las-huertas-192	LAS HUERTAS	Puebla	Puebla	72013	Exacta
las-mercedes-1290	LAS MERCEDES	Puebla	Puebla	72492	Exacta
las-mercedes-690	LAS MERCEDES	Puebla	Puebla	72492	Exacta
las-mercedes-ii-628	LAS MERCEDES II	Puebla	Puebla	72482	Exacta
las-palmas-79	LAS PALMAS	Puebla	Puebla	72550	Exacta
las-palmas-1054	LAS PALMAS	Puebla	Puebla	72550	Exacta
las-sonatas-768	LAS SONATAS	Puebla	Puebla	72017	Exacta
las-torres-398	LAS TORRES	Puebla	Puebla	72474	Exacta
las-torres-1313	LAS TORRES	Puebla	Puebla	72474	Exacta
las-torres-1046	LAS TORRES	Puebla	Puebla	72474	Exacta
la-tarjeta-20	LA TARJETA	Puebla	Puebla	72530	Exacta
la-vega-53	LA VEGA	Puebla	Puebla	72120	Exacta
lazaro-cardenas-564	LAZARO CARDENAS	Puebla	Puebla	72310	Exacta
lazaro-cardenas-1154	LAZARO CARDENAS	Puebla	Puebla	72310	Exacta
lazaro-cardenas-52	LAZARO CARDENAS	Puebla	Puebla	72310	Exacta
lazaro-cardenas-oriente-139	LAZARO CARDENAS ORIENTE	Puebla	Puebla	72105	Exacta
libertad-tecola-679	LIBERTAD TECOLA	Puebla	Puebla	72975	Exacta
loma-bonita-caleras-215	LOMA BONITA CALERAS	Puebla	Puebla	72100	Exacta
loma-bonita-sur-462	LOMA BONITA SUR	Puebla	Puebla	72495	Exacta
loma-encantada-423	LOMA ENCANTADA	Puebla	Puebla	72474	Exacta
loma-real-618	LOMA REAL	Puebla	Puebla	72100	Exacta
lomas-5-de-mayo-268	LOMAS 5 DE MAYO	Puebla	Puebla	72270	Exacta
lomas-de-atoyac-1783	LOMAS DE ATOYAC	Puebla	Puebla	72490	Exacta
lomas-de-atoyac-1781	LOMAS DE ATOYAC	Puebla	Puebla	72490	Exacta
lomas-de-castillotla-1534	LOMAS DE CASTILLOTLA	Puebla	Puebla	72490	Exacta
lomas-de-chapultepec-1113	LOMAS DE CHAPULTEPEC	Puebla	Puebla	72350	Exacta
lomas-de-loreto-274	LOMAS DE LORETO	Puebla	Puebla	72260	Exacta
lomas-del-pedregal-1096	LOMAS DEL PEDREGAL	Puebla	Puebla	72523	Exacta
lomas-del-sur-395	LOMAS DEL SUR	Puebla	Puebla	72470	Exacta
lomas-del-valle-880	LOMAS DEL VALLE	Puebla	Puebla	72595	Exacta
lomas-de-san-jeronimo-197	LOMAS DE SAN JERONIMO	Puebla	Puebla	72103	Exacta
lomas-de-san-ramon-1765	LOMAS DE SAN RAMON	Puebla	Puebla	72496	Exacta
lomas-de-santa-catarina-1326	LOMAS DE SANTA CATARINA	Puebla	Puebla	72595	Exacta
lomas-de-san-valentin-1778	LOMAS DE SAN VALENTIN	Puebla	Puebla	72490	Exacta
lomas-flor-del-bosque-335	LOMAS FLOR DEL BOSQUE	Puebla	Puebla	72360	Exacta
los-alamos-73	LOS ALAMOS	Puebla	Puebla	72320	Exacta
los-angeles-barranca-honda-232	LOS ANGELES BARRANCA HONDA	Puebla	Puebla	72106	Exacta
los-angeles-mayorazgo-382	LOS ANGELES MAYORAZGO	Puebla	Puebla	72440	Exacta
los-angeles-tetela-687	LOS ANGELES TETELA	Puebla	Puebla	72960	Exacta
los-arcos-1332	LOS ARCOS	Puebla	Puebla	72050	Exacta
los-arrayanes-1393	LOS ARRAYANES	Puebla	Puebla	72150	Exacta
los-arrayanes-1353	LOS ARRAYANES	Puebla	Puebla	72150	Exacta
los-caballos-1063	LOS CABALLOS	Puebla	Puebla	72595	Exacta
los-caballos-685	LOS CABALLOS	Puebla	Puebla	72595	Exacta
los-cantaros-414	LOS CANTAROS	Puebla	Puebla	72480	Exacta
los-encinos-1367	LOS ENCINOS	Puebla	Puebla	72227	Exacta
los-encinos-312	LOS ENCINOS	Puebla	Puebla	72227	Exacta
los-idolos-147	LOS IDOLOS	Puebla	Puebla	72050	Exacta
los-laureles-340	LOS LAURELES	Puebla	Puebla	72130	Exacta
los-limones-1211	LOS LIMONES	Puebla	Puebla	72490	Exacta
los-pilares-4	LOS PILARES	Puebla	Puebla	72560	Exacta
los-pinitos-669	LOS PINITOS	Puebla	Puebla	72520	Exacta
los-pinos-i-542	LOS PINOS I	Puebla	Puebla	72498	Exacta
los-pinos-ii-532	LOS PINOS II	Puebla	Puebla	72498	Exacta
los-remedios-34	LOS REMEDIOS	Puebla	Puebla	72377	Exacta
los-reyes-635	LOS REYES	Puebla	Puebla	72498	Exacta
los-sauces-221	LOS SAUCES	Puebla	Puebla	72103	Exacta
los-tenores-661	LOS TENORES	Puebla	Puebla	72584	Exacta
los-viveros-1134	LOS VIVEROS	Puebla	Puebla	72150	Exacta
los-volcanes-1351	LOS VOLCANES	Puebla	Puebla	72410	Exacta
luz-del-alba-266	LUZ DEL ALBA	Puebla	Puebla	72270	Exacta
luz-obrera-18	LUZ OBRERA	Puebla	Puebla	72110	Exacta
maestro-federal-112	MAESTRO FEDERAL	Puebla	Puebla	72080	Exacta
magisterial-chapulco-811	MAGISTERIAL CHAPULCO	Puebla	Puebla	72494	Exacta
magisterial-periferico-sur-710	MAGISTERIAL PERIFERICO SUR	Puebla	Puebla	72490	Exacta
magnolias-991	MAGNOLIAS	Puebla	Puebla	72100	Exacta
magnolias-1067	MAGNOLIAS	Puebla	Puebla	72100	Exacta
malintzi-291	MALINTZI	Puebla	Puebla	72210	Exacta
maravillas-287	MARAVILLAS	Puebla	Puebla	72220	Exacta
marbella-1482	MARBELLA	Puebla	Puebla	72490	Exacta
marbella-1696	MARBELLA	Puebla	Puebla	72490	Exacta
maria-auxiliadora-1573	MARIA AUXILIADORA	Puebla	Puebla	72595	Exacta
maria-luisa-1429	MARIA LUISA	Puebla	Puebla	72532	Exacta
maria-luisa-13	MARIA LUISA	Puebla	Puebla	72532	Exacta
martires-del-trabajo-248	MARTIRES DEL TRABAJO	Puebla	Puebla	72260	Exacta
mayorazgo-406	MAYORAZGO	Puebla	Puebla	72453	Exacta
mexico-83-164	MEXICO 83	Puebla	Puebla	72017	Exacta
miguel-aleman-258	MIGUEL ALEMAN	Puebla	Puebla	72370	Exacta
miguel-negrete-999	MIGUEL NEGRETE	Puebla	Puebla	72370	Exacta
minerales-de-guadalupe-sur-464	MINERALES DE GUADALUPE SUR	Puebla	Puebla	72495	Exacta
miravalle-646	MIRAVALLE	Puebla	Puebla	72014	Exacta
mision-del-mayorazgo-699	MISION DEL MAYORAZGO	Puebla	Puebla	72480	Exacta
moctezuma-1754	MOCTEZUMA	Puebla	Puebla	72260	Exacta
moctezuma-1755	MOCTEZUMA	Puebla	Puebla	72260	Exacta
monte-alban-778	MONTE ALBAN	Puebla	Puebla	72016	Exacta
moratilla-209	MORATILLA	Puebla	Puebla	72110	Exacta
morelos-82	MORELOS	Puebla	Puebla	72080	Exacta
motolinia-28	MOTOLINIA	Puebla	Puebla	72538	Exacta
naciones-unidas-153	NACIONES UNIDAS	Puebla	Puebla	72210	Exacta
noche-buena-314	NOCHE BUENA	Puebla	Puebla	72227	Exacta
nueva-antequera-354	NUEVA ANTEQUERA	Puebla	Puebla	72180	Exacta
nueva-aurora-caleras-783	NUEVA AURORA CALERAS	Puebla	Puebla	72100	Exacta
nueva-del-carmen-372	NUEVA DEL CARMEN	Puebla	Puebla	72410	Exacta
nueva-democracia-1779	NUEVA DEMOCRACIA	Puebla	Puebla	72490	Exacta
nuevo-paraiso-180	NUEVO PARAISO	Puebla	Puebla	72016	Exacta
nuevo-plan-de-ayala-520	NUEVO PLAN DE AYALA	Puebla	Puebla	72490	Exacta
oasis-358	OASIS	Puebla	Puebla	72400	Exacta
orquideas-1604	ORQUIDEAS	Puebla	Puebla	72100	Exacta
orquideas-1232	ORQUIDEAS	Puebla	Puebla	72100	Exacta
orquideas-1628	ORQUIDEAS	Puebla	Puebla	72100	Exacta
orquideas-998	ORQUIDEAS	Puebla	Puebla	72100	Exacta
paraiso-970	PARAISO	Puebla	Puebla	72360	Exacta
parque-industrial-5-de-mayo-186	PARQUE INDUSTRIAL 5 DE MAYO	Puebla	Puebla	72019	Exacta
paseo-de-los-encinos-1203	PASEO DE LOS ENCINOS	Puebla	Puebla	72310	Exacta
paseos-de-castillotla-434	PASEOS DE CASTILLOTLA	Puebla	Puebla	72498	Exacta
paseos-del-rio-488	PASEOS DEL RIO	Puebla	Puebla	72484	Exacta
patria-nueva-1571	PATRIA NUEVA	Puebla	Puebla	72595	Exacta
patriotismo-14	PATRIOTISMO	Puebla	Puebla	72130	Exacta
pedregal-de-guadalupe-hidalgo-1631	PEDREGAL DE GUADALUPE HIDALGO	Puebla	Puebla	72494	Exacta
pino-suarez-1649	PINO SUAREZ	Puebla	Puebla	72020	Exacta
plaza-europa-15	PLAZA EUROPA	Puebla	Puebla	72504	Exacta
plaza-loreto-665	PLAZA LORETO	Puebla	Puebla	72240	Exacta
plazas-de-guadalupe-276	PLAZAS DE GUADALUPE	Puebla	Puebla	72260	Exacta
popular-coatepec-420	POPULAR COATEPEC	Puebla	Puebla	72470	Exacta
popular-emiliano-zapata-407	POPULAR EMILIANO ZAPATA	Puebla	Puebla	72470	Exacta
prados-agua-azul-376	PRADOS AGUA AZUL	Puebla	Puebla	72430	Exacta
prados-del-sur-1223	PRADOS DEL SUR	Puebla	Puebla	72498	Exacta
puebla-textil-396	PUEBLA TEXTIL	Puebla	Puebla	72470	Exacta
puente-bravo-1127	PUENTE BRAVO	Puebla	Puebla	72350	Exacta
puerta-de-hierro-60	PUERTA DE HIERRO	Puebla	Puebla	72130	Exacta
punta-real-1769	PUNTA REAL	Puebla	Puebla	72495	Exacta
quetzalcoatl-91	QUETZALCOATL	Puebla	Puebla	72070	Exacta
rancho-chapulco-806	RANCHO CHAPULCO	Puebla	Puebla	72474	Exacta
rancho-guadalupe-174	RANCHO GUADALUPE	Puebla	Puebla	72016	Exacta
real-campestre-1157	REAL CAMPESTRE	Puebla	Puebla	72310	Exacta
real-de-guadalupe-181	REAL DE GUADALUPE	Puebla	Puebla	72016	Exacta
real-del-bosque-951	REAL DEL BOSQUE	Puebla	Puebla	72310	Exacta
real-del-lago-1770	REAL DEL LAGO	Puebla	Puebla	72495	Exacta
real-del-monte-85	REAL DEL MONTE	Puebla	Puebla	72060	Exacta
real-de-san-antonio-889	REAL DE SAN ANTONIO	Puebla	Puebla	72080	Exacta
real-de-zavaleta-1376	REAL DE ZAVALETA	Puebla	Puebla	72197	Exacta
reforma-207	REFORMA	Puebla	Puebla	72160	Exacta
reforma-agua-azul-375	REFORMA AGUA AZUL	Puebla	Puebla	72430	Exacta
regina-851	REGINA	Puebla	Puebla	72490	Exacta
renacimiento-280	RENACIMIENTO	Puebla	Puebla	72266	Exacta
residencial-del-parque-1079	RESIDENCIAL DEL PARQUE	Puebla	Puebla	72587	Exacta
residencial-la-encomienda-de-la-noria-827	RESIDENCIAL LA ENCOMIENDA DE LA NORIA	Puebla	Puebla	72410	Exacta
residencial-santa-maria-156	RESIDENCIAL SANTA MARIA	Puebla	Puebla	72010	Exacta
resurgimiento-atotonilco-1677	RESURGIMIENTO ATOTONILCO	Puebla	Puebla	72595	Exacta
resurgimiento-ciudad-norte-37	RESURGIMIENTO CIUDAD NORTE	Puebla	Puebla	72373	Exacta
revolucion-mexicana-160	REVOLUCION MEXICANA	Puebla	Puebla	72200	Exacta
rinconada-las-torres-935	RINCONADA LAS TORRES	Puebla	Puebla	72468	Exacta
rinconada-sur-oriente-1440	RINCONADA SUR ORIENTE	Puebla	Puebla	72193	Exacta
rincon-arboledas-1444	RINCON ARBOLEDAS	Puebla	Puebla	72460	Exacta
rincon-de-las-animas-359	RINCON DE LAS ANIMAS	Puebla	Puebla	72400	Exacta
rincon-del-bosque-251	RINCON DEL BOSQUE	Puebla	Puebla	72290	Exacta
rincon-de-los-cipreses-902	RINCON DE LOS CIPRESES	Puebla	Puebla	72490	Exacta
rincon-del-rio-1651	RINCON DEL RIO	Puebla	Puebla	72150	Exacta
rincon-de-moratilla-894	RINCON DE MORATILLA	Puebla	Puebla	72110	Exacta
rincon-de-san-ignacio-922	RINCON DE SAN IGNACIO	Puebla	Puebla	72593	Exacta
rincon-dorado-1106	RINCON DORADO	Puebla	Puebla	72040	Exacta
rincon-dorado-74	RINCON DORADO	Puebla	Puebla	72040	Exacta
rincon-dorado-92	RINCON DORADO	Puebla	Puebla	72040	Exacta
rincones-de-la-calera-872	RINCONES DE LA CALERA	Puebla	Puebla	72520	Exacta
rivera-del-atoyac-1270	RIVERA DEL ATOYAC	Puebla	Puebla	72430	Exacta
rivera-de-santiago-347	RIVERA DE SANTIAGO	Puebla	Puebla	72410	Exacta
roma-161	ROMA	Puebla	Puebla	72210	Exacta
rosas-del-tepeyac-643	ROSAS DEL TEPEYAC	Puebla	Puebla	72014	Exacta
san-agustin-524	SAN AGUSTIN	Puebla	Puebla	72498	Exacta
san-agustin-813	SAN AGUSTIN	Puebla	Puebla	72498	Exacta
san-alfonso-445	SAN ALFONSO	Puebla	Puebla	72494	Exacta
san-angel-1383	SAN ANGEL	Puebla	Puebla	72500	Exacta
san-angel-1785	SAN ANGEL	Puebla	Puebla	72500	Exacta
san-angel-1609	SAN ANGEL	Puebla	Puebla	72500	Exacta
san-angel-30	SAN ANGEL	Puebla	Puebla	72500	Exacta
san-antonio-247	SAN ANTONIO	Puebla	Puebla	72089	Exacta
san-antonio-140	SAN ANTONIO	Puebla	Puebla	72089	Exacta
san-antonio-1311	SAN ANTONIO	Puebla	Puebla	72089	Exacta
san-antonio-abad-658	SAN ANTONIO ABAD	Puebla	Puebla	72314	Exacta
san-baltazar-campeche-729	SAN BALTAZAR CAMPECHE	Puebla	Puebla	72550	Exacta
san-baltazar-la-resurreccion-655	SAN BALTAZAR LA RESURRECCION	Puebla	Puebla	72310	Exacta
san-baltazar-tetela-1478	SAN BALTAZAR TETELA	Puebla	Puebla	72960	Exacta
san-bernabe-temoxtitla-516	SAN BERNABE TEMOXTITLA	Puebla	Puebla	72498	Exacta
san-bernardo-1330	SAN BERNARDO	Puebla	Puebla	72044	Exacta
san-bernardo-104	SAN BERNARDO	Puebla	Puebla	72044	Exacta
san-carlos-76	SAN CARLOS	Puebla	Puebla	72130	Exacta
san-carlos-925	SAN CARLOS	Puebla	Puebla	72130	Exacta
san-cristobal-702	SAN CRISTOBAL	Puebla	Puebla	72497	Exacta
san-cristobal-459	SAN CRISTOBAL	Puebla	Puebla	72497	Exacta
san-cristobal-tulcingo-caleras-231	SAN CRISTOBAL TULCINGO CALERAS	Puebla	Puebla	72100	Exacta
san-esteban-las-aves-308	SAN ESTEBAN LAS AVES	Puebla	Puebla	72229	Exacta
san-ezequiel-1610	SAN EZEQUIEL	Puebla	Puebla	72580	Exacta
san-felipe-hueyotlipan-106	SAN FELIPE HUEYOTLIPAN	Puebla	Puebla	72030	Exacta
san-francisco-415	SAN FRANCISCO	Puebla	Puebla	72000	Exacta
san-francisco-252	SAN FRANCISCO	Puebla	Puebla	72000	Exacta
san-francisco-mayorazgo-607	SAN FRANCISCO MAYORAZGO	Puebla	Puebla	72480	Exacta
san-francisco-totimehuacan-1103	SAN FRANCISCO TOTIMEHUACAN	Puebla	Puebla	72595	Exacta
san-ignacio-1525	SAN IGNACIO	Puebla	Puebla	72540	Exacta
san-isidro-castillotla-437	SAN ISIDRO CASTILLOTLA	Puebla	Puebla	72498	Exacta
san-isidro-castillotla-534	SAN ISIDRO CASTILLOTLA	Puebla	Puebla	72498	Exacta
san-isidro-castillotla-535	SAN ISIDRO CASTILLOTLA	Puebla	Puebla	72498	Exacta
san-jeronimo-107	SAN JERONIMO	Puebla	Puebla	72020	Exacta
san-jeronimo-caleras-722	SAN JERONIMO CALERAS	Puebla	Puebla	72100	Exacta
san-jorge-689	SAN JORGE	Puebla	Puebla	72470	Exacta
san-jorge-127	SAN JORGE	Puebla	Puebla	72470	Exacta
san-jose-chapulco-1237	SAN JOSE CHAPULCO	Puebla	Puebla	72494	Exacta
san-jose-citlaltepetl-51	SAN JOSE CITLALTEPETL	Puebla	Puebla	72127	Exacta
san-jose-cuatro-caminos-700	SAN JOSE CUATRO CAMINOS	Puebla	Puebla	72020	Exacta
san-jose-del-puente-201	SAN JOSE DEL PUENTE	Puebla	Puebla	72150	Exacta
san-jose-el-conde-173	SAN JOSE EL CONDE	Puebla	Puebla	72016	Exacta
san-jose-el-rincon-678	SAN JOSE EL RINCON	Puebla	Puebla	72973	Exacta
san-jose-guadalupe-48	SAN JOSE GUADALUPE	Puebla	Puebla	72120	Exacta
san-jose-la-laguna-1296	SAN JOSE LA LAGUNA	Puebla	Puebla	72480	Exacta
san-jose-los-cerritos-184	SAN JOSE LOS CERRITOS	Puebla	Puebla	72014	Exacta
san-jose-mayorazgo-1348	SAN JOSE MAYORAZGO	Puebla	Puebla	72450	Exacta
san-juan-1082	SAN JUAN	Puebla	Puebla	72103	Exacta
san-juan-602	SAN JUAN	Puebla	Puebla	72103	Exacta
san-juan-942	SAN JUAN	Puebla	Puebla	72103	Exacta
san-juan-895	SAN JUAN	Puebla	Puebla	72103	Exacta
san-juan-1027	SAN JUAN	Puebla	Puebla	72103	Exacta
san-juan-bautista-1789	SAN JUAN BAUTISTA	Puebla	Puebla	72495	Exacta
san-juan-bosco-413	SAN JUAN BOSCO	Puebla	Puebla	72480	Exacta
san-juan-flor-del-bosque-334	SAN JUAN FLOR DEL BOSQUE	Puebla	Puebla	72360	Exacta
san-lorenzo-1188	SAN LORENZO	Puebla	Puebla	72595	Exacta
san-lorenzo-1570	SAN LORENZO	Puebla	Puebla	72595	Exacta
san-luis-1612	SAN LUIS	Puebla	Puebla	72583	Exacta
san-luis-1611	SAN LUIS	Puebla	Puebla	72583	Exacta
san-luis-gonzaga-1129	SAN LUIS GONZAGA	Puebla	Puebla	72340	Exacta
san-marcos-1476	SAN MARCOS	Puebla	Puebla	72596	Exacta
san-matias-124	SAN MATIAS	Puebla	Puebla	72090	Exacta
san-miguel-canoa-511	SAN MIGUEL CANOA	Puebla	Puebla	72900	Exacta
san-miguel-espejo-319	SAN MIGUEL ESPEJO	Puebla	Puebla	72943	Exacta
san-miguel-guadalupe-1124	SAN MIGUEL GUADALUPE	Puebla	Puebla	72590	Exacta
san-miguel-hueyotlipan-117	SAN MIGUEL HUEYOTLIPAN	Puebla	Puebla	72050	Exacta
san-miguel-la-rosa-1356	SAN MIGUEL LA ROSA	Puebla	Puebla	72190	Exacta
san-miguel-las-pajaritas-366	SAN MIGUEL LAS PAJARITAS	Puebla	Puebla	72410	Exacta
san-miguel-xonacatepec-1156	SAN MIGUEL XONACATEPEC	Puebla	Puebla	72229	Exacta
san-pablo-xochimehuacan-1180	SAN PABLO XOCHIMEHUACAN	Puebla	Puebla	72014	Exacta
san-pedro-159	SAN PEDRO	Puebla	Puebla	72210	Exacta
san-pedro-286	SAN PEDRO	Puebla	Puebla	72210	Exacta
san-pedro-1145	SAN PEDRO	Puebla	Puebla	72210	Exacta
san-pedro-de-las-flores-440	SAN PEDRO DE LAS FLORES	Puebla	Puebla	72495	Exacta
san-pedro-zacachimalpa-1479	SAN PEDRO ZACACHIMALPA	Puebla	Puebla	72960	Exacta
san-rafael-oriente-108	SAN RAFAEL ORIENTE	Puebla	Puebla	72020	Exacta
san-rafael-poniente-26	SAN RAFAEL PONIENTE	Puebla	Puebla	72029	Exacta
san-sebastian-341	SAN SEBASTIAN	Puebla	Puebla	72090	Exacta
san-sebastian-de-aparicio-491	SAN SEBASTIAN DE APARICIO	Puebla	Puebla	72219	Exacta
san-sebastian-de-aparicio-243	SAN SEBASTIAN DE APARICIO	Puebla	Puebla	72219	Exacta
santa-anita-137	SANTA ANITA	Puebla	Puebla	72089	Exacta
santa-barbara-norte-45	SANTA BARBARA NORTE	Puebla	Puebla	72380	Exacta
santa-barbara-sur-50	SANTA BARBARA SUR	Puebla	Puebla	72380	Exacta
santa-catarina-572	SANTA CATARINA	Puebla	Puebla	72595	Exacta
santa-catarina-coatepec-641	SANTA CATARINA COATEPEC	Puebla	Puebla	72498	Exacta
santa-cruz-de-la-amapola-624	SANTA CRUZ DE LA AMAPOLA	Puebla	Puebla	72960	Exacta
santa-cruz-guadalupe-1671	SANTA CRUZ GUADALUPE	Puebla	Puebla	72170	Exacta
santa-cruz-guadalupe-1136	SANTA CRUZ GUADALUPE	Puebla	Puebla	72170	Exacta
santa-cruz-guadalupe-1329	SANTA CRUZ GUADALUPE	Puebla	Puebla	72170	Exacta
santa-cruz-guadalupe-1545	SANTA CRUZ GUADALUPE	Puebla	Puebla	72170	Exacta
santa-cruz-los-angeles-1139	SANTA CRUZ LOS ANGELES	Puebla	Puebla	72400	Exacta
santa-julia-668	SANTA JULIA	Puebla	Puebla	72560	Exacta
santa-margarita-1169	SANTA MARGARITA	Puebla	Puebla	72310	Exacta
santa-maria-194	SANTA MARIA	Puebla	Puebla	72080	Exacta
santa-maria-566	SANTA MARIA	Puebla	Puebla	72080	Exacta
santa-maria-727	SANTA MARIA	Puebla	Puebla	72080	Exacta
santa-maria-guadalupe-tecola-677	SANTA MARIA GUADALUPE TECOLA	Puebla	Puebla	72960	Exacta
santa-maria-la-calera-868	SANTA MARIA LA CALERA	Puebla	Puebla	72575	Exacta
santa-maria-la-calera-835	SANTA MARIA LA CALERA	Puebla	Puebla	72575	Exacta
santa-maria-la-rivera-724	SANTA MARIA LA RIVERA	Puebla	Puebla	72010	Exacta
santa-maria-xonacatepec-318	SANTA MARIA XONACATEPEC	Puebla	Puebla	72229	Exacta
santa-monica-3	SANTA MONICA	Puebla	Puebla	72540	Exacta
santa-monica-1315	SANTA MONICA	Puebla	Puebla	72540	Exacta
santa-monica-142	SANTA MONICA	Puebla	Puebla	72540	Exacta
santa-rosa-293	SANTA ROSA	Puebla	Puebla	72228	Exacta
santiago-1080	SANTIAGO	Puebla	Puebla	72410	Exacta
santiago-589	SANTIAGO	Puebla	Puebla	72410	Exacta
santiago-345	SANTIAGO	Puebla	Puebla	72410	Exacta
santiago-1081	SANTIAGO	Puebla	Puebla	72410	Exacta
santiago-859	SANTIAGO	Puebla	Puebla	72410	Exacta
santiago-953	SANTIAGO	Puebla	Puebla	72410	Exacta
santiago-949	SANTIAGO	Puebla	Puebla	72410	Exacta
santiago-de-los-leones-973	SANTIAGO DE LOS LEONES	Puebla	Puebla	72227	Exacta
santiago-de-los-leones-1018	SANTIAGO DE LOS LEONES	Puebla	Puebla	72227	Exacta
santo-domingo-199	SANTO DOMINGO	Puebla	Puebla	72103	Exacta
santo-tomas-chautla-1104	SANTO TOMAS CHAUTLA	Puebla	Puebla	72595	Exacta
seda-monsanto-177	SEDA MONSANTO	Puebla	Puebla	72016	Exacta
sendero-del-bosque-1163	SENDERO DEL BOSQUE	Puebla	Puebla	72310	Exacta
sendero-del-fresno-1513	SENDERO DEL FRESNO	Puebla	Puebla	72040	Exacta
solidaridad-nacional-175	SOLIDARIDAD NACIONAL	Puebla	Puebla	72016	Exacta
tecnologico-162	TECNOLOGICO	Puebla	Puebla	72210	Exacta
tepetzintla-16	TEPETZINTLA	Puebla	Puebla	72115	Exacta
tepeyac-285	TEPEYAC	Puebla	Puebla	72210	Exacta
terrazas-santa-catarina-138	TERRAZAS SANTA CATARINA	Puebla	Puebla	72595	Exacta
tierra-y-libertad-121	TIERRA Y LIBERTAD	Puebla	Puebla	72090	Exacta
tlacaelel-1038	TLACAELEL	Puebla	Puebla	72967	Exacta
tlanesse-1494	TLANESSE	Puebla	Puebla	72100	Exacta
tlanesse-1493	TLANESSE	Puebla	Puebla	72100	Exacta
torre-fuerte-828	TORRE FUERTE	Puebla	Puebla	72228	Exacta
torres-475-558	TORRES 475	Puebla	Puebla	72050	Exacta
torres-bosques-1622	TORRES BOSQUES	Puebla	Puebla	72310	Exacta
torres-de-mayorazgo-1191	TORRES DE MAYORAZGO	Puebla	Puebla	72480	Exacta
torres-de-mayorazgo-floresta-1536	TORRES DE MAYORAZGO FLORESTA	Puebla	Puebla	72480	Exacta
torres-madrid-1498	TORRES MADRID	Puebla	Puebla	72490	Exacta
tres-cruces-876	TRES CRUCES	Puebla	Puebla	72595	Exacta
tres-de-mayo-294	TRES DE MAYO	Puebla	Puebla	72228	Exacta
unidad-guadalupe-1	UNIDAD GUADALUPE	Puebla	Puebla	72560	Exacta
unidad-magisterial-mexico-68-272	UNIDAD MAGISTERIAL MEXICO 68	Puebla	Puebla	72300	Exacta
unidad-palma-352	UNIDAD PALMA	Puebla	Puebla	72189	Exacta
unidad-satelite-magisterial-325	UNIDAD SATELITE MAGISTERIAL	Puebla	Puebla	72320	Exacta
unidad-y-progreso-786	UNIDAD Y PROGRESO	Puebla	Puebla	72350	Exacta
union-890	UNION	Puebla	Puebla	72050	Exacta
universidad-622	UNIVERSIDAD	Puebla	Puebla	72590	Exacta
universidades-1152	UNIVERSIDADES	Puebla	Puebla	72589	Exacta
universitaria-621	UNIVERSITARIA	Puebla	Puebla	72590	Exacta
valle-de-anahuac-944	VALLE DE ANAHUAC	Puebla	Puebla	72499	Exacta
valle-del-angel-88	VALLE DEL ANGEL	Puebla	Puebla	72040	Exacta
valle-de-las-flores-306	VALLE DE LAS FLORES	Puebla	Puebla	72229	Exacta
valle-del-paraiso-924	VALLE DEL PARAISO	Puebla	Puebla	72498	Exacta
valle-del-rey-83	VALLE DEL REY	Puebla	Puebla	72140	Exacta
valle-del-sol-874	VALLE DEL SOL	Puebla	Puebla	72565	Exacta
valle-del-sur-923	VALLE DEL SUR	Puebla	Puebla	72498	Exacta
valle-de-san-ignacio-797	VALLE DE SAN IGNACIO	Puebla	Puebla	72499	Exacta
valle-dorado-93	VALLE DORADO	Puebla	Puebla	72070	Exacta
venustiano-carranza-1045	VENUSTIANO CARRANZA	Puebla	Puebla	72017	Exacta
venustiano-carranza-1680	VENUSTIANO CARRANZA	Puebla	Puebla	72017	Exacta
veracruz-986	VERACRUZ	Puebla	Puebla	72360	Exacta
vereda-residencial-1162	VEREDA RESIDENCIAL	Puebla	Puebla	72310	Exacta
vicente-budib-283	VICENTE BUDIB	Puebla	Puebla	72240	Exacta
vicente-suarez-63	VICENTE SUAREZ	Puebla	Puebla	72380	Exacta
vicente-suarez-1753	VICENTE SUAREZ	Puebla	Puebla	72380	Exacta
victor-puebla-1020	VICTOR PUEBLA	Puebla	Puebla	72494	Exacta
villa-albertina-1089	VILLA ALBERTINA	Puebla	Puebla	72495	Exacta
villa-albertina-1764	VILLA ALBERTINA	Puebla	Puebla	72495	Exacta
villa-alegre-493	VILLA ALEGRE	Puebla	Puebla	72520	Exacta
villa-alegre-671	VILLA ALEGRE	Puebla	Puebla	72520	Exacta
villa-carmel-8	VILLA CARMEL	Puebla	Puebla	72567	Exacta
villa-del-sur-400	VILLA DEL SUR	Puebla	Puebla	72474	Exacta
villa-de-reyes-1093	VILLA DE REYES	Puebla	Puebla	72350	Exacta
villa-encantada-378	VILLA ENCANTADA	Puebla	Puebla	72440	Exacta
villa-erika-361	VILLA ERIKA	Puebla	Puebla	72403	Exacta
villa-escondida-182	VILLA ESCONDIDA	Puebla	Puebla	72016	Exacta
villa-florencia-373	VILLA FLORENCIA	Puebla	Puebla	72430	Exacta
villa-frontera-158	VILLA FRONTERA	Puebla	Puebla	72200	Exacta
villa-frontera-172	VILLA FRONTERA	Puebla	Puebla	72200	Exacta
villa-guadalupe-170	VILLA GUADALUPE	Puebla	Puebla	72016	Exacta
villa-karol-119	VILLA KAROL	Puebla	Puebla	72050	Exacta
villa-las-flores-96	VILLA LAS FLORES	Puebla	Puebla	72540	Exacta
villa-madero-70	VILLA MADERO	Puebla	Puebla	72130	Exacta
villa-magna-356	VILLA MAGNA	Puebla	Puebla	72400	Exacta
villa-margarita-garcia-179	VILLA MARGARITA GARCIA	Puebla	Puebla	72016	Exacta
villa-paraiso-469	VILLA PARAISO	Puebla	Puebla	72017	Exacta
villa-posadas-505	VILLA POSADAS	Puebla	Puebla	72060	Exacta
villas-america-392	VILLAS AMERICA	Puebla	Puebla	72470	Exacta
villa-san-alejandro-97	VILLA SAN ALEJANDRO	Puebla	Puebla	72090	Exacta
villas-cruz-del-sur-903	VILLAS CRUZ DEL SUR	Puebla	Puebla	72150	Exacta
villas-del-meson-ii-466	VILLAS DEL MESON II	Puebla	Puebla	72020	Exacta
villas-del-pedregal-709	VILLAS DEL PEDREGAL	Puebla	Puebla	72495	Exacta
villas-del-vergel-1216	VILLAS DEL VERGEL	Puebla	Puebla	72480	Exacta
villas-inglesas-189	VILLAS INGLESAS	Puebla	Puebla	72124	Exacta
villas-leonor-741	VILLAS LEONOR	Puebla	Puebla	72495	Exacta
villas-los-viveros-714	VILLAS LOS VIVEROS	Puebla	Puebla	72120	Exacta
villas-manzanilla-1472	VILLAS MANZANILLA	Puebla	Puebla	72229	Exacta
villas-manzanilla-495	VILLAS MANZANILLA	Puebla	Puebla	72229	Exacta
villas-periferico-639	VILLAS PERIFERICO	Puebla	Puebla	72590	Exacta
villas-periferico-739	VILLAS PERIFERICO	Puebla	Puebla	72590	Exacta
villas-real-campestre-ii-950	VILLAS REAL CAMPESTRE II	Puebla	Puebla	72310	Exacta
villas-real-campestre-iii-1131	VILLAS REAL CAMPESTRE III	Puebla	Puebla	72310	Exacta
villas-reales-777	VILLAS REALES	Puebla	Puebla	72498	Exacta
villas-san-jose-846	VILLAS SAN JOSE	Puebla	Puebla	72017	Exacta
villa-universitaria-120	VILLA UNIVERSITARIA	Puebla	Puebla	72589	Exacta
villa-verde-279	VILLA VERDE	Puebla	Puebla	72303	Exacta
villa-verde-857	VILLA VERDE	Puebla	Puebla	72303	Exacta
vista-alegre-1575	VISTA ALEGRE	Puebla	Puebla	72594	Exacta
vista-del-valle-1070	VISTA DEL VALLE	Puebla	Puebla	72104	Exacta
vista-del-valle-226	VISTA DEL VALLE	Puebla	Puebla	72104	Exacta
vista-del-valle-753	VISTA DEL VALLE	Puebla	Puebla	72104	Exacta
viveros-del-valle-299	VIVEROS DEL VALLE	Puebla	Puebla	72225	Exacta
xanenetla-249	XANENETLA	Puebla	Puebla	72290	Exacta
xonaca-254	XONACA	Puebla	Puebla	72280	Exacta
xonacatepec-978	XONACATEPEC	Puebla	Puebla	72229	Exacta
16 de septiempre norte	16 DE SEPTIEMBRE	Puebla	Puebla	72230	Exacta
16 de septiembre sur 	16 DE SEPTIEMBRE	Puebla	Puebla	72474	Exacta
8 DE DICIEMBRE	8 DE DICIEMBRE	Puebla	Puebla	72227	Exacta
3a-ampliacion-guadalupe-hidalgo-446	3RA. AMPLIACION GUADALUPE HIDALGO	Puebla	Puebla	72494	Exacta
	ALPHA 2	Puebla	Puebla	72424	Exacta
2da. Ampliación Guadalupe Hidalgo	2da. Ampliación Guadalupe Hidalgo	Puebla	Puebla	72490	Exacta
aquiles-serdan-1771	AQUILES SERDAN	Puebla	Puebla	72030	Exacta
aquiles-serdan-67	AQUILES SERDAN	Puebla	Puebla	72070	Exacta
aquiles-serdan-89	AQUILES SERDAN	Puebla	Puebla	72140	Exatca
aquiles-serdan	AQUILES SERDAN	Puebla	Puebla	72495	Exacta
benito-juarez-1121	BENITO JUAREZ	Puebla	Puebla	72014	Exacta
benito-juarez-645	BENITO JUAREZ	Puebla	Puebla	72227	Exacta
benito-juarez-364	BENITO JUAREZ	Puebla	Puebla	72410	Exacta
bugambilias-381	BUGAMBILIAS	Puebla	Puebla	72100	Exacta
bugambilias-1400	Granjas Bugambilias	Puebla	Puebla	72470	Exacta
bugambilias-738	Jardines de Bugambilias	Puebla	Puebla	72474	Exacta
bugambilias-1605	Bugambilias	Puebla	Puebla	72580	Exacta
cuauhtemoc-1698	CUAUHTEMOC	Puebla	Puebla	72243	Exacta
cuauhtemoc-1510	CUAUHTEMOC	Puebla	Puebla	72967	Exacta
del-valle-204	Del Valle	Puebla	Puebla	72310	Exacta
del-valle-201	Campestre del Valle	Puebla	Puebla	72595	Exacta
del-valle-202	Lomas del Valle	Puebla	Puebla	72595	Exacta
del-valle-200	DEL VALLE	Puebla	Puebla	72040	Exacta
del-valle-90	DEL VALLE	Puebla	Puebla	72100	Exacta
del-valle-220	Vista del Valle	Puebla	Puebla	72104	Exacta
del-valle-1175	Viveros del Valle	Puebla	Puebla	72225	Exacta
3ra. Ampliación Guadalupe Hidalgo	3ra. Ampliación Guadalupe Hidalgo	Puebla	Puebla	72494	Exacta
Los Cerritos	Los Cerritos	Puebla	Puebla	72219	Exacta
Vista Hermosa	Vista Hermosa	Puebla	Puebla	72124	Exacta
San José Vista Hermosa	San José Vista Hermosa	Puebla	Puebla	72190	Exacta
Vista Hermosa	Vista Hermosa	Puebla	Puebla	72270	Exacta
Vista Hermosa Cd.Sur	Vista Hermosa Cd.Sur	Puebla	Puebla	72470	Exacta
Arboledas Guadalupe	Arboledas Guadalupe	Puebla	Puebla	72260	Exacta
Arboledas de San Ignacio	Arboledas de San Ignacio	Puebla	Puebla	72590	Exacta
Calderón (Crucero el Oásis)	Calderón (Crucero el Oásis)	Puebla	Puebla	72596	Exacta
El Oasis Valsequillo	El Oasis Valsequillo	Puebla	Puebla	72960	Exacta
esmeralda-804	Zona ESMERALDA	Puebla	Puebla	72090	Exacta
esmeralda-353	ESMERALDA	Puebla	Puebla	72210	Exacta
esmeralda-354	ESMERALDA	Puebla	Puebla	72400	Exacta
independencia-1142	INDEPENDENCIA	Puebla	Puebla	72120	Exacta
independencia-188	INDEPENDENCIA	Puebla	Puebla	72150	Exacta
independencia-284	Independencia Caleras	Puebla	Puebla	72100	Exacta
independencia-285	Unidad independencia	Puebla	Puebla	72210	Exacta
la-candelaria-586	LA CANDELARIA	Puebla	Puebla	72015	Exacta
la-candelaria-190	LA CANDELARIA	Puebla	Puebla	72495	Exacta
Azcapotzalco	Azcapotzalco	Puebla	Puebla	72105	Exacta
Bosques de Atoyac	Bosques de Atoyac	Puebla	Puebla	72459	Exacta
BOSQUES DE SAN SEBASTIAN	BOSQUES DE SAN SEBASTIAN	Puebla	Puebla	72310	Exacta
la-guadalupana-626	LA GUADALUPANA	Puebla	Puebla	72100	Exacta
la-guadalupana-627	LA GUADALUPANA	Puebla	Puebla	72595	Exacta
la-providencia-1341	LA PROVIDENCIA	Puebla	Puebla	72090	Exacta
la-providencia-1342	LA PROVIDENCIA	Puebla	Puebla	72227	Exacta
loma-linda-775	LOMA LINDA	Puebla	Puebla	72014	Exacta
loma-linda-115	LOMA LINDA	Puebla	Puebla	72447	Exacta
los-cipreses-1064	LOS CIPRESES	Puebla	Puebla	72100	Exacta
los-cipreses-58	LOS CIPRESES	Puebla	Puebla	72114	Exacta
los-cipreses-1557	Rincón de los Cipreses I	Puebla	Puebla	72464	Exacta
los-cipreses-754	Rincón de los Cipreses 	Puebla	Puebla	72490	Exacta
INFONAVIT Bosques San Sebastían	INFONAVIT Bosques San Sebastían	Puebla	Puebla	72310	Exacta
Central de Abastos	Central de Abastos	Puebla	Puebla	72019	Exacta
los-pinos-530	LOS PINOS	Puebla	Puebla	72100	Exacta
los-pinos-219	LOS PINOS	Puebla	Puebla	72240	Exacta
los-pinos-282	San José los Pino	Puebla	Puebla	72480	Exacta
los-pinos-530	Jardín de los Pinos	Puebla	Puebla	72498	Exacta
los-pinos-219	Los Pinos I	Puebla	Puebla	72498	Exacta
los-pinos-282	Los Pinos II	Puebla	Puebla	72498	Exacta
los-pinos-530	Los Pinos	Puebla	Puebla	72498	Exacta
Cerro del Marqués	Cerro del Marqués	Puebla	Puebla	72227	Exacta
Cipreses Zavaleta	Cipreses Zavaleta	Puebla	Puebla	72150	Exacta
Cleotilde Torres	Cleotilde Torres	Puebla	Puebla	72050	Exacta
2a. Sección Club de Golf las Fuentes	2a. Sección Club de Golf las Fuentes	Puebla	Puebla	72110	Exacta
Vicente Guerrero	Vicente Guerrero	Puebla	Puebla	72470	Exacta
La Covadonga	La Covadonga	Puebla	Puebla	72100	Exacta
FOVISSSTE Damisar (San Baltazar Campeche)	FOVISSSTE Damisar (San Baltazar Campeche)	Puebla	Puebla	72550	Exacta
Damisal	Damisal	Puebla	Puebla	72474	Exacta
Paraíso del Angel	Paraíso del Angel	Puebla	Puebla	72110	Exacta
Lomas del Ángel	Lomas del Ángel	Puebla	Puebla	72575	Exacta
Ex-Hacienda del Ángel	Ex-Hacienda del Ángel	Puebla	Puebla	72595	Exacta
Villas el Encanto I	Villas el Encanto I	Puebla	Puebla	72120	Exacta
Villas el Encanto II	Villas el Encanto II	Puebla	Puebla	72120	Exacta
Real Diamante I	Real Diamante I	Puebla	Puebla	72310	Exacta
Real Diamante II	Real Diamante II	Puebla	Puebla	72310	Exacta
El Encanto	El Encanto	Puebla	Puebla	72464	Exacta
El Fresno I	El Fresno I	Puebla	Puebla	72474	Exacta
El Fresno II	El Fresno II	Puebla	Puebla	72474	Exacta
puebla-267	Puebla Centro	Puebla	Puebla	72000	Exacta
puebla-268	Ángeles de Puebla	Puebla	Puebla	72219	Exacta
puebla-269	Parque Industrial Puebla 2000	Puebla	Puebla	72225	Exacta
puebla-270	Puebla	Puebla	Puebla	72270	Exacta
puebla-271	Club de Golf Puebla	Puebla	Puebla	72460	Exacta
puebla-272	Centro Comercial Puebla	Puebla	Puebla	72460	Exacta
puebla-273	Puebla Textil	Puebla	Puebla	72470	Exacta
puebla-274	Granjas Puebla	Puebla	Puebla	72490	Exacta
puebla-275	Los Héroes de Puebla II	Puebla	Puebla	72494	Exacta
puebla-276	Victor Puebla	Puebla	Puebla	72494	Exacta
puebla-277	Banco de Puebla	Puebla	Puebla	72500	Exacta
puebla-278	Héroes de Puebla	Puebla	Puebla	72520	Exacta
puebla-279	Puebla	Puebla	Puebla	72530	Exacta
puebla-280	Los Héroes de Puebla	Puebla	Puebla	72590	Exacta
san-miguel-496	San Miguel Hueyotlipan	Puebla	Puebla	72050	Exacta
san-miguel-1608	San Miguelito	Puebla	Puebla	72090	Exacta
san-miguel-123	San Miguel la Rosa	Puebla	Puebla	72190	Exacta
san-miguel-1619	San Miguel Xonacatepec	Puebla	Puebla	72229	Exacta
san-miguel-581	San Miguel Xonacatepec 2da. Sección	Puebla	Puebla	72229	Exacta
san-miguel-479	San Miguel Las Pajaritas	Puebla	Puebla	72410	Exacta
san-miguel-601	INFONAVIT San Miguel Mayorazgo	Puebla	Puebla	72480	Exacta
san-miguel-1021	INFONAVIT San Miguel Mayorazgo 1a Sección	Puebla	Puebla	72492	Exacta
san-miguel-1022	Lomas San Miguel	Puebla	Puebla	72573	Exacta
san-miguel-1023	La Joya (Anexo Lomas San Miguel)	Puebla	Puebla	72573	Exacta
san-miguel-1024	San Miguel Guadalupe	Puebla	Puebla	72590	Exacta
san-miguel-1025	San Miguel	Puebla	Puebla	72590	Exacta
san-miguel-1026	San Miguel la Venta	Puebla	Puebla	72595	Exacta
san-miguel-1027	San Miguel	Puebla	Puebla	72595	Exacta
El Jaguey	El Jaguey	Puebla	Puebla	72103	Exacta
El Mirador (La Calera)	El Mirador (La Calera)	Puebla	Puebla	72520	Exacta
El Riego 1	El Riego 1	Puebla	Puebla	72103	Exacta
El Riego 2	El Riego 2	Puebla	Puebla	72103	Exacta
El Encinar 1ra. Sección	El Encinar 1ra. Sección	Puebla	Puebla	72390	Exacta
El Encinar 2a. Sección	El Encinar 2a. Sección	Puebla	Puebla	72390	Exacta
Ex-Hacienda Mayorazgo	Ex-Hacienda Mayorazgo	Puebla	Puebla	72480	Exacta
Francisco I. Madero	Francisco I. Madero	Puebla	Puebla	72130	Exacta
san-miguel-1026	Sección Décima de San Miguel Canoa	Puebla	Puebla	72900	Exacta
san-miguel-1027	San Miguelito	Puebla	Puebla	72900	Exacta
san-miguel-1028	Sección Sexta de San Miguel Canoa (Apantenco)	Puebla	Puebla	72900	Exacta
san-miguel-1029	San Miguel Canoa	Puebla	Puebla	72900	Exacta
san-miguel-1030	San Miguel Espejo	Puebla	Puebla	72943	Exacta
tres-cerritos-936	TRES CERRITOS	Puebla	Puebla	72480	Exacta
tres-cerritos-507	TRES CERRITOS	Puebla	Puebla	72483	Exacta
vista-hermosa-261	Vista Hermosa	Puebla	Puebla	72124	Exacta
vista-hermosa-393	San José Vista Hermosa	Puebla	Puebla	72190	Exacta
vista-hermosa-525	Vista Hermosa	Puebla	Puebla	72270	Exacta
vista-hermosa-657	Álamos Vista Hermosa	Puebla	Puebla	72320	Exacta
vista-hermosa-789	Vista Hermosa Cd.Sur	Puebla	Puebla	72470	Exacta
13-de-abril-468	Nueva 13 DE ABRIL	Puebla	Puebla	72014	Exacta
-nueva-san-salvador-1244	NUEVA SAN SALVADOR	Puebla	Puebla	72017	Exacta
rancho-colorado-105	Rancho Colorado	Puebla	Puebla	72040	Exacta
rancho-colorado-106	Ex-Rancho Colorado	Puebla	Puebla	72044	Exacta
rancho-colorado-107	Rancho Colorado	Puebla	Puebla	72070	Exacta
1ro-de-mayo-821	1RO DE MAYO	Puebla	Puebla	72229	Exacta
20-de-noviembre-151	20 DE NOVIEMBRE	Puebla	Puebla	72230	Exacta
25-zona-militar-145	Campo Militar 25	Puebla	Puebla	72340	Exacta
Dos-de-abril-65	Dos DE ABRIL	Puebla	Puebla	72380	Exacta
Seis-de-enero-1752	Seis DE ENERO	Puebla	Puebla	72510	Exacta
Francisco I. Madero (Fraccionamiento)	Francisco I. Madero (Fraccionamiento)	Puebla	Puebla	72130	Exacta
Francisco Villa (Hoy 26 de Mayo)	Francisco Villa (Hoy 26 de Mayo)	Puebla	Puebla	72050	Exacta
San Aparicio las Fuentes	San Aparicio las Fuentes	Puebla	Puebla	72228	Exacta
Geovillas Castillotla	Geovillas Castillotla	Puebla	Puebla	72498	Exacta
Geovillas las Garzas	Geovillas las Garzas	Puebla	Puebla	72480	Exacta
Guadalupe del Conde	Guadalupe del Conde	Puebla	Puebla	72016	Exacta
Guadalupe del Oro	Guadalupe del Oro	Puebla	Puebla	72014	Exacta
Guadalupe Victoria Norte	Guadalupe Victoria Norte	Puebla	Puebla	72230	Exacta
Guadalupe Victoria Valsequillo	Guadalupe Victoria Valsequillo	Puebla	Puebla	72596	Exacta
Villa Guadalupe (Xonacatepec)	Villa Guadalupe (Xonacatepec)	Puebla	Puebla	72229	Exacta
Hacienda de Castillotla	Hacienda de Castillotla	Puebla	Puebla	72498	Exacta
Hacienda el Cobre 3a. Sección	Hacienda el Cobre 3a. Sección	Puebla	Puebla	72490	Exacta
Hacienda el Cobre 2a. Sección	Hacienda el Cobre 2a. Sección	Puebla	Puebla	72494	Exacta
Hacienda las Fuentes 2a. Sección	Hacienda las Fuentes 2a. Sección	Puebla	Puebla	72495	Exacta
Hacienda los Capulines I	Hacienda los Capulines I	Puebla	Puebla	72310	Exacta
Hacienda los Capulines II	Hacienda los Capulines II	Puebla	Puebla	72310	Exacta
Santa Lucia 2	Santa Lucia 2	Puebla	Puebla	72494	Exacta
Jacarandas	Jacarandas	Puebla	Puebla	72130	Exacta
Jardines de Castillotla 5a. Sección	Jardines de Castillotla 5a. Sección	Puebla	Puebla	72498	Exacta
Jardines de la Montaña	Jardines de la Montaña	Puebla	Puebla	72564	Exacta
Jardines de San José Xonacatepec	Jardines de San José Xonacatepec	Puebla	Puebla	72229	Exacta
Jardines de la Resurrección	Jardines de la Resurrección	Puebla	Puebla	72225	Exacta
Jazmines	Jazmines	Puebla	Puebla	72100	Exacta
Lares de San Alfonso	Lares de San Alfonso	Puebla	Puebla	72499	Exacta
Las Pozas	Las Pozas	Puebla	Puebla	72060	Exacta
Villas del Carmen	Villas del Carmen	Puebla	Puebla	72470	Exacta
Lomas Club de Golf	Lomas Club de Golf	Puebla	Puebla	72450	Exacta
Lomas San Alfonso	Lomas San Alfonso	Puebla	Puebla	72575	Exacta
Los Faisanes	Los Faisanes	Puebla	Puebla	72583	Exacta
miguel-e-abed-36	MIGUEL E ABED	Puebla	Puebla	72120	Exacta
molinos-de-enmedio-385	MOLINOS DE ENMEDIO	Puebla	Puebla	72456	Exacta
molinos-de-santo-domingo-554	MOLINOS DE SANTO DOMINGO	Puebla	Puebla	72115	Exacta
nueva-resurreccion-656	NUEVA RESURRECCION	Puebla	Puebla	72308	Exacta
obrero-y-campesina-277	OBRERO Y CAMPESINA	Puebla	Puebla	72250	Exacta
o-col-popular-castillotla-408	O COL POPULAR CASTILLOTLA	Puebla	Puebla	72470	Exacta
o-fracc-san-jose-vista-hermosa-355	O FRACC SAN JOSE VISTA HERMOSA	Puebla	Puebla	72190	Exacta
paseo-de-la-arboledas-i-899	PASEO DE LA ARBOLEDAS I	Puebla	Puebla	72497	Exacta
paseo-de-la-arboledas-ii-900	PASEO DE LA ARBOLEDAS II	Puebla	Puebla	72497	Exacta
paseo-del-angel-1497	PASEO DEL ANGEL	Puebla	Puebla	72110	Exacta
paseo-del-bosque-1003	PASEO DEL BOSQUE	Puebla	Puebla	72575	Exacta
pedregal-santo-domingo-222	PEDREGAL SANTO DOMINGO	Puebla	Puebla	72103	Exacta
plazas-de-amalucan-326	PLAZAS DE AMALUCAN	Puebla	Puebla	72310	Exacta
plazuela-san-jose-636	PLAZUELA SAN JOSE	Puebla	Puebla	72030	Exacta
quetzalcoatl-1a-seccion-1569	QUETZALCOATL 1a SECCION	Puebla	Puebla	72595	Exacta
quetzalcoatl-2a-seccion-1572	QUETZALCOATL 2a SECCION	Puebla	Puebla	72595	Exacta
rancho-vaquerias-412	RANCHO VAQUERIAS	Puebla	Puebla	72464	Exacta
real-zavaleta-1404	REAL ZAVALETA	Puebla	Puebla	72197	Exacta
residencial-los-fuertes-281	RESIDENCIAL LOS FUERTES	Puebla	Puebla	72090	Exacta
resurreccion-296	RESURRECCION	Puebla	Puebla	72227	Exacta
rinconada-del-bosque-832	RINCONADA DEL BOSQUE	Puebla	Puebla	72290	Exacta
rinconada-de-santa-cruz-545	RINCONADA DE SANTA CRUZ	Puebla	Puebla	72150	Exacta
rinconada-las-animas-1083	RINCONADA LAS ANIMAS	Puebla	Puebla	72400	Exacta
rinconada-los-arcos-652	RINCONADA LOS ARCOS	Puebla	Puebla	72480	Exacta
rinconada-los-arcos-ii-506	RINCONADA LOS ARCOS II	Puebla	Puebla	72480	Exacta
rincon-de-las-americas-845	RINCON DE LAS AMERICAS	Puebla	Puebla	72400	Exacta
rincon-de-los-viveros-40	RINCON DE LOS VIVEROS	Puebla	Puebla	72150	Exacta
rincon-de-morillotla-1415	RINCON DE MORILLOTLA	Puebla	Puebla	72110	Exacta
rincon-de-morillotla-1234	RINCON DE MORILLOTLA	Puebla	Puebla	72110	Exacta
rincon-de-san-jose-del-puente-733	RINCON DE SAN JOSE DEL PUENTE	Puebla	Puebla	72150	Exacta
rincon-los-cipreses-830	RINCON LOS CIPRESES	Puebla	Puebla	72490	Exacta
rivera-de-aparicio-971	RIVERA DE APARICIO	Puebla	Puebla	72227	Exacta
san-francisco-mayorazgo-ii-1738	SAN FRANCISCO MAYORAZGO II	Puebla	Puebla	72480	Exacta
san-isidro-castillotla-primera-seccion-1549	SAN ISIDRO CASTILLOTLA PRIMERA SECCION	Puebla	Puebla	72498	Exacta
san-isidro-castillotla-primera-seccion-1249	SAN ISIDRO CASTILLOTLA PRIMERA SECCION	Puebla	Puebla	72498	Exacta
san-jorge-ii-904	SAN JORGE II	Puebla	Puebla	72470	Exacta
san-jose-de-las-flores-206	SAN JOSE DE LAS FLORES	Puebla	Puebla	72110	Exacta
san-jose-del-puente-1015	SAN JOSE  DEL PUENTE	Puebla	Puebla	72150	Exacta
san-jose-el-carpintero-631	SAN JOSE EL CARPINTERO	Puebla	Puebla	72590	Exacta
san-juan-bosco-ii-836	SAN JUAN BOSCO II	Puebla	Puebla	72480	Exacta
san-miguel-xonacatepec-2da-seccion-317	SAN MIGUEL XONACATEPEC 2da SECCION	Puebla	Puebla	72229	Exacta
san-ramon-cuarta-seccion-1787	SAN RAMON CUARTA SECCION	Puebla	Puebla	72490	Exacta
santa-ana-694	SANTA ANA	Puebla	Puebla	72089	Exacta
santa-cruz-la-ixtla-664	SANTA CRUZ LA IXTLA	Puebla	Puebla	72967	Exacta
santiago-de-los-leones-2-1663	SANTIAGO DE LOS LEONES 2	Puebla	Puebla	72227	Exacta
santiago-de-los-leones-2-1717	SANTIAGO DE LOS LEONES 2	Puebla	Puebla	72227	Exacta
san-vicente-ferrer-389	SAN VICENTE FERRER	Puebla	Puebla	72450	Exacta
s-a-r-h-xilotzingo-503	S A R H XILOTZINGO	Puebla	Puebla	72593	Exacta
s-n-t-e-449	S N T E	Puebla	Puebla	72499	Exacta
s-n-t-e-448	S N T E	Puebla	Puebla	72499	Exacta
s-u-t-e-r-m-425	S U T E R M	Puebla	Puebla	72490	Exacta
toltepec-alamos-331	TOLTEPEC ALAMOS	Puebla	Puebla	72350	Exacta
u-hacienda-santa-fe-940	U HACIENDA SANTA FE	Puebla	Puebla	72498	Exacta
union-antorchista-522	UNION ANTORCHISTA	Puebla	Puebla	72490	Exacta
union-antorchista-1640	UNION ANTORCHISTA	Puebla	Puebla	72490	Exacta
valle-de-guadalupe-767	VALLE DE GUADALUPE	Puebla	Puebla	72016	Exacta
villa-diamante-167	VILLA DIAMANTE	Puebla	Puebla	72017	Exacta
villa-el-encanto-338	VILLA EL ENCANTO	Puebla	Puebla	72120	Exacta
villa-everest-617	VILLA EVEREST	Puebla	Puebla	72450	Exacta
villa-floresta-1278	VILLA FLORESTA	Puebla	Puebla	72540	Exacta
villa-frescura-8-616	VILLA FRESCURA 8	Puebla	Puebla	72310	Exacta
villa-frescura-9-615	VILLA FRESCURA 9	Puebla	Puebla	72310	Exacta
villas-albertina-1091	VILLAS ALBERTINA	Puebla	Puebla	72495	Exacta
villa-satelite-la-calera-867	VILLA SATELITE LA CALERA	Puebla	Puebla	72564	Exacta
villas-de-castillotla-533	VILLAS DE CASTILLOTLA	Puebla	Puebla	72498	Exacta
villas-del-marquez-171	VILLAS DEL MARQUEZ	Puebla	Puebla	72016	Exacta
villas-del-meson-465	VILLAS DEL MESON	Puebla	Puebla	72020	Exacta
villas-del-rey-736	VILLAS DEL REY	Puebla	Puebla	72350	Exacta
villas-del-tratado-926	VILLAS DEL TRATADO	Puebla	Puebla	72498	Exacta
villas-el-camino-1437	VILLAS EL CAMINO	Puebla	Puebla	72470	Exacta
villas-el-carmen-810	VILLAS EL CARMEN	Puebla	Puebla	72470	Exacta
villas-el-encanto-iii-734	VILLAS EL ENCANTO III	Puebla	Puebla	72120	Exacta
villas-el-encino-540	VILLAS EL ENCINO	Puebla	Puebla	72120	Exacta
villas-el-ensue├▒o-941	VILLAS EL ENSUE├æO	Puebla	Puebla	72490	Exacta
villas-el-refugio-485	VILLAS EL REFUGIO	Puebla	Puebla	72495	Exacta
villas-genesis-1340	VILLAS GENESIS	Puebla	Puebla	72403	Exacta
villas-la-concepcion-1389	VILLAS LA CONCEPCION	Puebla	Puebla	72190	Exacta
villas-las-americas-569	VILLAS LAS AMERICAS	Puebla	Puebla	72470	Exacta
villas-los-encinos-486	VILLAS LOS ENCINOS	Puebla	Puebla	72499	Exacta
villas-monarca-404	VILLAS MONARCA	Puebla	Puebla	72480	Exacta
villas-real-campestre-1-1159	VILLAS REAL CAMPESTRE 1	Puebla	Puebla	72310	Exacta
villas-san-antonio-1403	VILLAS SAN ANTONIO	Puebla	Puebla	72490	Exacta
villas-san-francisco-614	VILLAS SAN FRANCISCO	Puebla	Puebla	72020	Exacta
villas-san-francisco-1099	VILLAS SAN FRANCISCO	Puebla	Puebla	72020	Exacta
villas-san-francisco-1596	VILLAS SAN FRANCISCO	Puebla	Puebla	72020	Exacta
villas-san-francisco-mayorazgo-691	VILLAS SAN FRANCISCO MAYORAZGO	Puebla	Puebla	72480	Exacta
villa-verde-2-856	VILLA VERDE 2	Puebla	Puebla	72303	Exacta
vista-hermosa-alamos-329	VISTA HERMOSA ALAMOS	Puebla	Puebla	72320	Exacta
5-de-mayo-1047	5 DE MAYO	Puebla	Puebla	72270	Exacta
5-de-mayo-234	5 DE MAYO	Puebla	Puebla	72270	Exacta
agua-santa-808	AGUA SANTA	Puebla	Puebla	72490	Exacta
agua-santa-424	AGUA SANTA	Puebla	Puebla	72490	Exacta
alamedas-1105	ALAMEDAS	Puebla	Puebla	72130	Exacta
alamo-695	ALAMO	Puebla	Puebla	72320	Exacta
alamos-328	ALAMOS	Puebla	Puebla	72130	Exacta
amalucan-1171	AMALUCAN	Puebla	Puebla	72310	Exacta
angeles-1309	ANGELES	Puebla	Puebla	72533	Exacta
aquiles-serdan-1771	AQUILES SERDAN	Puebla	Puebla	72030	Exacta
aquiles-serdan-67	AQUILES SERDAN	Puebla	Puebla	72140	Exacta
aquiles-serdan-89	AQUILES SERDAN	Puebla	Puebla	72495	Exacta
aquiles-serdan-90	AQUILES SERDAN	Puebla	Puebla	72070	Exacta
azul-residencial-849	AZUL RESIDENCIAL	Puebla	Puebla	72459	Exacta
bosques-5-de-febrero-155	BOSQUES 5 DE FEBRERO	Puebla	Puebla	72010	Exacta
cima-1396	CIMA	Puebla	Puebla	72464	Exacta
cuauhtemoc-1698	CUAUHTEMOC	Puebla	Puebla	72967	Exacta
de-analco-31	DE ANALCO	Puebla	Puebla	72500	Exacta
de-arcos-746	DE ARCOS	Puebla	Puebla	72050	Exacta
del-parque-1535	DEL PARQUE	Puebla	Puebla	72587	Exacta
el-carmen-gastronomicos-403	EL CARMEN GASTRONOMICOS	Puebla	Puebla	72470	Exacta
el-colibri-561	EL COLIBRI	Puebla	Puebla	72495	Exacta
el-colibri-1626	EL COLIBRI	Puebla	Puebla	72495	Exacta
el-girasol-384	EL GIRASOL	Puebla	Puebla	72440	Exacta
el-jardin-1748	EL JARDIN	Puebla	Puebla	72474	Exacta
el-molino-1194	EL MOLINO	Puebla	Puebla	72480	Exacta
el-oasis-1100	EL OASIS	Puebla	Puebla	72400	Exacta
el-pedregal-1688	EL PEDREGAL	Puebla	Puebla	72350	Exacta
el-pedregal-330	EL PEDREGAL	Puebla	Puebla	72350	Exacta
el-pilar-1363	EL PILAR	Puebla	Puebla	72560	Exacta
faisanes-917	FAISANES	Puebla	Puebla	72583	Exacta
farol-559	FAROL	Puebla	Puebla	72170	Exacta
fidel-velazquez-195	FIDEL VELAZQUEZ	Puebla	Puebla	72014	Exacta
fuentes-de-san-bartolo-426	FUENTES DE SAN BARTOLO	Puebla	Puebla	72490	Exacta
gabriel-pastor-primera-seccion-369	GABRIEL PASTOR PRIMERA SECCION	Puebla	Puebla	72420	Exacta
gavilanes-1733	GAVILANES	Puebla	Puebla	72580	Exacta
hermenegildo-j-aldana-38	HERMENEGILDO J ALDANA	Puebla	Puebla	72120	Exacta
independencia-1142	INDEPENDENCIA	Puebla	Puebla	72150	Exacta
la-acocota-35	LA ACOCOTA	Puebla	Puebla	72377	Exacta
la-candelaria-586	LA CANDELARIA	Puebla	Puebla	72015	Exacta
la-candelaria-190	LA CANDELARIA	Puebla	Puebla	72495	Exacta
la-flor-1750	LA FLOR	Puebla	Puebla	72540	Exacta
la-guadalupana-626	LA GUADALUPANA	Puebla	Puebla	72100	Exacta
la-ladrillera-848	LA LADRILLERA	Puebla	Puebla	72120	Exacta
la-luna-705	LA LUNA	Puebla	Puebla	72490	Exacta
la-margarita-879	LA MARGARITA	Puebla	Puebla	72560	Exacta
la-providencia-1341	LA PROVIDENCIA	Puebla	Puebla	72227	Exacta
la-rosa-270	LA ROSA	Puebla	Puebla	72260	Exacta
las-fuentes-557	LAS FUENTES	Puebla	Puebla	72090	Exacta
las-fuentes-1231	LAS FUENTES	Puebla	Puebla	72090	Exacta
las-magnolias-223	LAS MAGNOLIAS	Puebla	Puebla	72100	Exacta
las-orquideas-1416	LAS ORQUIDEAS	Puebla	Puebla	72014	Exacta
las-palomas-residencial-831	LAS PALOMAS RESIDENCIAL	Puebla	Puebla	72105	Exacta
la-victoria-431	LA VICTORIA	Puebla	Puebla	72480	Exacta
loma-linda-775	LOMA LINDA	Puebla	Puebla	72477	Exacta
loma-linda-115	LOMA LINDA	Puebla	Puebla	72014	Exacta
los-alcanfores-988	LOS ALCANFORES	Puebla	Puebla	72583	Exacta
los-angeles-784	LOS ANGELES	Puebla	Puebla	72533	Exacta
los-cipreses-1064	LOS CIPRESES	Puebla	Puebla	72114	Exacta
los-cipreses-58	LOS CIPRESES	Puebla	Puebla	72100	Exacta
los-colorines-225	LOS COLORINES	Puebla	Puebla	72100	Exacta
los-girasoles-858	LOS GIRASOLES	Puebla	Puebla	72440	Exacta
los-girasoles-1563	LOS GIRASOLES	Puebla	Puebla	72440	Exacta
los-jazmines-224	LOS JAZMINES	Puebla	Puebla	72100	Exacta
los-pinos-530	LOS PINOS	Puebla	Puebla	72240	Exacta
los-pinos-219	LOS PINOS	Puebla	Puebla	72498	Exacta
luis-n-morones-502	LUIS N MORONES	Puebla	Puebla	72590	Exacta
manuel-rivera-anaya-304	MANUEL RIVERA ANAYA	Puebla	Puebla	72309	Exacta
mora-1266	MORA	Puebla	Puebla	72587	Exacta
privanza-78	PRIVANZA	Puebla	Puebla	72130	Exacta
puebla-267	PUEBLA	Puebla	Puebla	72270	Exacta
residencial-arboledas-del-pedregal-1268	RESIDENCIAL ARBOLEDAS DEL PEDREGAL	Puebla	Puebla	72490	Exacta
residencial-boulevares-377	RESIDENCIAL BOULEVARES	Puebla	Puebla	72440	Exacta
residencial-campestre-el-paraiso-202	RESIDENCIAL CAMPESTRE EL PARAISO	Puebla	Puebla	72150	Exacta
residencial-guadalupe-937	RESIDENCIAL GUADALUPE	Puebla	Puebla	72595	Exacta
residencial-lomas-del-angel-815	RESIDENCIAL LOMAS DEL ANGEL	Puebla	Puebla	72575	Exacta
residencial-prados-del-sur-1010	RESIDENCIAL PRADOS DEL SUR	Puebla	Puebla	72498	Exacta
residencial-puebla-12	RESIDENCIAL PUEBLA	Puebla	Puebla	72530	Exacta
residencial-san-miguel-756	RESIDENCIAL SAN MIGUEL	Puebla	Puebla	72590	Exacta
residencial-santa-rosa-1634	RESIDENCIAL SANTA ROSA	Puebla	Puebla	72228	Exacta
residencial-santa-rosa-1001	RESIDENCIAL SANTA ROSA	Puebla	Puebla	72228	Exacta
san-aparicio-981	SAN APARICIO	Puebla	Puebla	72228	Exacta
san-aparicio-166	SAN APARICIO	Puebla	Puebla	72228	Exacta
san-bartolo-421	SAN BARTOLO	Puebla	Puebla	72470	Exacta
san-francisco-residencial-809	SAN FRANCISCO RESIDENCIAL	Puebla	Puebla	72000	Exacta
san-jose-xilotzingo-870	SAN JOSE XILOTZINGO	Puebla	Puebla	72593	Exacta
san-jose-xilotzingo-674	SAN JOSE XILOTZINGO	Puebla	Puebla	72593	Exacta
san-jose-xilotzingo-623	SAN JOSE XILOTZINGO	Puebla	Puebla	72593	Exacta
san-miguel-496	SAN MIGUEL	Puebla	Puebla	72595	Exacta
san-ramon-1759	SAN RAMON	Puebla	Puebla	72498	Exacta
tres-cerritos-936	TRES CERRITOS	Puebla	Puebla	72480	Exacta
tres-cerritos-507	TRES CERRITOS	Puebla	Puebla	72483	Exacta
vergel-363	VERGEL	Puebla	Puebla	72400	Exacta
victoria-1654	VICTORIA	Puebla	Puebla	72480	Exacta
victoria-1635	VICTORIA	Puebla	Puebla	72480	Exacta
vista-hermosa-261	VISTA HERMOSA	Puebla	Puebla	72124	Exacta
vista-hermosa-393	VISTA HERMOSA	Puebla	Puebla	72270	Exacta
viveros-1077	VIVEROS	Puebla	Puebla	72150	Exacta
viveros-santa-cruz-1133	VIVEROS SANTA CRUZ	Puebla	Puebla	72150	Exacta
volcanes-484	VOLCANES	Puebla	Puebla	72410	Exacta
volcanes-515	VOLCANES	Puebla	Puebla	72410	Exacta
xaxalpa-760	XAXALPA	Puebla	Puebla	72470	Exacta
xaxalpa-1550	XAXALPA	Puebla	Puebla	72470	Exacta
xilotzingo-927	XILOTZINGO	Puebla	Puebla	72583	Exacta
xilotzingo-1503	XILOTZINGO	Puebla	Puebla	72583	Exacta