id,name,city,municipality,postal_code
12-de-diciembre-960,12 DE DICIEMBRE,Puebla,Puebla,
13-de-abril-468,13 DE ABRIL,Puebla,Puebla,
15-de-septiembre-483,15 DE SEPTIEMBRE,Puebla,Puebla,
16-de-septiembre-150,16 DE SEPTIEMBRE,Puebla,Puebla,
16-de-septiembre-sur-128,16 DE SEPTIEMBRE SUR,Puebla,Puebla,
18-de-junio---nueva-san-salvador-1244,18 DE JUNIO - NUEVA SAN SALVADOR,Puebla,Puebla,
18-de-marzo-1095,18 DE MARZO,Puebla,Puebla,
19-de-diciembre-1189,19 DE DICIEMBRE,Puebla,Puebla,
1a-seccion-rancho-colorado-105,1a SECCION RANCHO COLORADO,Puebla,Puebla,
1ro-de-mayo-821,1RO DE MAYO,Puebla,Puebla,
20-de-noviembre-151,20 DE NOVIEMBRE,Puebla,Puebla,
20-de-noviembre-1342,20 DE NOVIEMBRE,Puebla,Puebla,
22-de-septiembre-9,22 DE SEPTIEMBRE,Puebla,Puebla,
25-zona-militar-145,25 ZONA MILITAR,Puebla,Puebla,
2a-ampliacion-guadalupe-hidalgo-443,2a AMPLIACION GUADALUPE HIDALGO,Puebla,Puebla,
2da-ampliacion-playas-del-sur-1245,2DA AMPLIACION PLAYAS DEL SUR,Puebla,Puebla,
2-de-abril-65,2 DE ABRIL,Puebla,Puebla,
2-de-marzo-313,2 DE MARZO,Puebla,Puebla,
2-de-octubre-432,2 DE OCTUBRE,Puebla,Puebla,
3a-ampliacion-guadalupe-hidalgo-446,3a AMPLIACION GUADALUPE HIDALGO,Puebla,Puebla,
3a-seccion-de-bugambilias-109,3a SECCION DE BUGAMBILIAS,Puebla,Puebla,
5-de-mayo-1047,5 DE MAYO,Puebla,Puebla,
5-de-mayo-234,5 DE MAYO,Puebla,Puebla,
6227-1323,6227,Puebla,Puebla,
6-de-enero-1752,6 DE ENERO,Puebla,Puebla,
6-de-junio-961,6 DE JUNIO,Puebla,Puebla,
8-de-diciembre-301,8 DE DICIEMBRE,Puebla,Puebla,
acueducto-1217,ACUEDUCTO,Puebla,Puebla,
agapanthus-1501,AGAPANTHUS,Puebla,Puebla,
agaves-i-1647,AGAVES I,Puebla,Puebla,
agaves-ii-1301,AGAVES II,Puebla,Puebla,
agricola-ignacio-zaragoza-718,AGRICOLA IGNACIO ZARAGOZA,Puebla,Puebla,
agricola-resurgimiento-1648,AGRICOLA RESURGIMIENTO,Puebla,Puebla,
agua-santa-808,AGUA SANTA,Puebla,Puebla,
agua-santa-424,AGUA SANTA,Puebla,Puebla,
alamedas-1105,ALAMEDAS,Puebla,Puebla,
alamedas-2-(conjunto-encino)-77,ALAMEDAS 2 (CONJUNTO ENCINO),Puebla,Puebla,
alamo-695,ALAMO,Puebla,Puebla,
alamos-328,ALAMOS,Puebla,Puebla,
alberto-de-la-fuente-27,ALBERTO DE LA FUENTE,Puebla,Puebla,
albizia-1599,ALBIZIA,Puebla,Puebla,
aldama-257,ALDAMA,Puebla,Puebla,
alejandra-1372,ALEJANDRA,Puebla,Puebla,
alexa-1201,ALEXA,Puebla,Puebla,
alianza-popular-782,ALIANZA POPULAR,Puebla,Puebla,
allegro-1543,ALLEGRO,Puebla,Puebla,
almenares-cholollan-577,ALMENARES CHOLOLLAN,Puebla,Puebla,
alpha-2-370,ALPHA 2,Puebla,Puebla,
alpha-4-887,ALPHA 4,Puebla,Puebla,
alseseca-2,ALSESECA,Puebla,Puebla,
altamira-1409,ALTAMIRA,Puebla,Puebla,
alta-vista-1684,ALTA VISTA,Puebla,Puebla,
alta-vista-748,ALTA VISTA,Puebla,Puebla,
alta-vista-697,ALTA VISTA,Puebla,Puebla,
altavista-1689,ALTAVISTA,Puebla,Puebla,
alto-refugio-1184,ALTO REFUGIO,Puebla,Puebla,
altos-san-francisco-1032,ALTOS SAN FRANCISCO,Puebla,Puebla,
alvaro-obregon-494,ALVARO OBREGON,Puebla,Puebla,
amalucan-1171,AMALUCAN,Puebla,Puebla,
amaluquilla-1101,AMALUQUILLA,Puebla,Puebla,
amanalco-193,AMANALCO,Puebla,Puebla,
amanalco-537,AMANALCO,Puebla,Puebla,
amaya-privada-1487,AMAYA PRIVADA,Puebla,Puebla,
ambar-rdcial-1690,AMBAR RDCIAL,Puebla,Puebla,
america-norte-263,AMERICA NORTE,Puebla,Puebla,
america-sur-42,AMERICA SUR,Puebla,Puebla,
ameyalco-1097,AMEYALCO,Puebla,Puebla,
amor-84,AMOR,Puebla,Puebla,
ampliacin-las-torres-1642,AMPLIACIN LAS TORRES,Puebla,Puebla,
ampliacion-18-de-marzo-770,AMPLIACION 18 DE MARZO,Puebla,Puebla,
ampliacion-2-de-marzo-1122,AMPLIACION 2 DE MARZO,Puebla,Puebla,
ampliacion-4a-seccion-san-bernabe-temoxtitla-1002,AMPLIACION 4a SECCION SAN BERNABE TEMOXTITLA,Puebla,Puebla,
ampliacion-6-de-junio-1661,AMPLIACION 6 DE JUNIO,Puebla,Puebla,
ampliacion-arboledas-de-loma-bella-473,AMPLIACION ARBOLEDAS DE LOMA BELLA,Puebla,Puebla,
ampliacion-balcones-del-sur-458,AMPLIACION BALCONES DEL SUR,Puebla,Puebla,
ampliacion-bosques-de-la-ca├▒ada-543,AMPLIACION BOSQUES DE LA CA├æADA,Puebla,Puebla,
ampliacion-constitucion-mexicana-453,AMPLIACION CONSTITUCION MEXICANA,Puebla,Puebla,
ampliacion-coyopotrero-1480,AMPLIACION COYOPOTRERO,Puebla,Puebla,
ampliacion-cuarta-de-san-ramon-1786,AMPLIACION CUARTA DE SAN RAMON,Puebla,Puebla,
ampliacion-edgardo-almicar-campos-1639,AMPLIACION EDGARDO ALMICAR CAMPOS,Puebla,Puebla,
ampliacion-el-conde-1592,AMPLIACION EL CONDE,Puebla,Puebla,
ampliacion-flores-del-pedregal-1246,AMPLIACION FLORES DEL PEDREGAL,Puebla,Puebla,
ampliacion-granjas-puebla-704,AMPLIACION GRANJAS PUEBLA,Puebla,Puebla,
ampliacion-guadalupe-hidalgo-780,AMPLIACION GUADALUPE HIDALGO,Puebla,Puebla,
ampliacion-historiadores-513,AMPLIACION HISTORIADORES,Puebla,Puebla,
ampliacion-jardines-de-juan-bosco-519,AMPLIACION JARDINES DE JUAN BOSCO,Puebla,Puebla,
ampliacion-la-resurreccion-957,AMPLIACION LA RESURRECCION,Puebla,Puebla,
ampliacion-lomas-de-castillotla-436,AMPLIACION LOMAS DE CASTILLOTLA,Puebla,Puebla,
ampliacion-mexico-83-1238,AMPLIACION MEXICO 83,Puebla,Puebla,
ampliacion-mexico-83-1617,AMPLIACION MEXICO 83,Puebla,Puebla,
ampliacion-miravalle-562,AMPLIACION MIRAVALLE,Puebla,Puebla,
ampliacion-nueva-democracia-1780,AMPLIACION NUEVA DEMOCRACIA,Puebla,Puebla,
ampliacion-playas-del-sur-563,AMPLIACION PLAYAS DEL SUR,Puebla,Puebla,
ampliacion-primero-de-mayo-943,AMPLIACION PRIMERO DE MAYO,Puebla,Puebla,
ampliacion-revolucion-mexicana-803,AMPLIACION REVOLUCION MEXICANA,Puebla,Puebla,
ampliacion-san-lorenzo-805,AMPLIACION SAN LORENZO,Puebla,Puebla,
ampliacion-santa-catarina-1484,AMPLIACION SANTA CATARINA,Puebla,Puebla,
ampliacion-santa-catarina-1678,AMPLIACION SANTA CATARINA,Puebla,Puebla,
ampliacion-seda-monsanto-176,AMPLIACION SEDA MONSANTO,Puebla,Puebla,
ampliacion-signoret-2a-seccion-1682,AMPLIACION SIGNORET 2A SECCION,Puebla,Puebla,
ampliacion-union-antorchista-1782,AMPLIACION UNION ANTORCHISTA,Puebla,Puebla,
amp-los-cerritos-553,AMP LOS CERRITOS,Puebla,Puebla,
amp-vista-hermosa-1111,AMP VISTA HERMOSA,Puebla,Puebla,
analco-1265,ANALCO,Puebla,Puebla,
anda-lucia-1715,ANDA LUCIA,Puebla,Puebla,
andreas-1321,ANDREAS,Puebla,Puebla,
andreas-1489,ANDREAS,Puebla,Puebla,
anexo-quetzalcoatl-852,ANEXO QUETZALCOATL,Puebla,Puebla,
angeles-1309,ANGELES,Puebla,Puebla,
angeles-del-sur-939,ANGELES DEL SUR,Puebla,Puebla,
angeles-de-morillotla-1387,ANGELES DE MORILLOTLA,Puebla,Puebla,
angeles-de-puebla-1486,ANGELES DE PUEBLA,Puebla,Puebla,
angelopolis-1412,ANGELOPOLIS,Puebla,Puebla,
antigua-hacienda-1758,ANTIGUA HACIENDA,Puebla,Puebla,
antiguo-rancho-francisco-villa---bella-vista-24,ANTIGUO RANCHO  FRANCISCO VILLA - BELLA VISTA,Puebla,Puebla,
antorchista---col-la-antorchita-713,ANTORCHISTA - COL LA ANTORCHITA,Puebla,Puebla,
antura-el-matte-962,ANTURA EL MATTE,Puebla,Puebla,
anzures-17,ANZURES,Puebla,Puebla,
aquiles-serdan-1771,AQUILES SERDAN,Puebla,Puebla,
aquiles-serdan-67,AQUILES SERDAN,Puebla,Puebla,
aquiles-serdan-89,AQUILES SERDAN,Puebla,Puebla,
arandano-rdcial-1697,ARANDANO RDCIAL,Puebla,Puebla,
ara-paseos-del-angel-1451,ARA PASEOS DEL ANGEL,Puebla,Puebla,
arboledas-de-amalucan-1179,ARBOLEDAS DE AMALUCAN,Puebla,Puebla,
arboledas-de-guadalupe-273,ARBOLEDAS DE GUADALUPE,Puebla,Puebla,
arboledas-de-guadalupe-seccion-fuentes-275,ARBOLEDAS DE GUADALUPE SECCION FUENTES,Puebla,Puebla,
arboledas-de-loma-bella-131,ARBOLEDAS DE LOMA BELLA,Puebla,Puebla,
arboledas-del-sur-866,ARBOLEDAS DEL SUR,Puebla,Puebla,
arboledas-de-xilotzingo-878,ARBOLEDAS DE XILOTZINGO,Puebla,Puebla,
arboledas-de-zavaleta-1664,ARBOLEDAS DE ZAVALETA,Puebla,Puebla,
arboledas-san-ignacio-1574,ARBOLEDAS SAN IGNACIO,Puebla,Puebla,
arcangeles-de-morillotla-1208,ARCANGELES DE MORILLOTLA,Puebla,Puebla,
arcangeles-xaltepec-1405,ARCANGELES XALTEPEC,Puebla,Puebla,
arcangel-san-rafael-1225,ARCANGEL SAN RAFAEL,Puebla,Puebla,
arcoiris-888,ARCOIRIS,Puebla,Puebla,
arcoiris-963,ARCOIRIS,Puebla,Puebla,
arcos-del-sur-1345,ARCOS DEL SUR,Puebla,Puebla,
arenas-ii-1552,ARENAS II,Puebla,Puebla,
armonia-1322,ARMONIA,Puebla,Puebla,
articulo-123-717,ARTICULO 123,Puebla,Puebla,
arts-rdcial-1468,ARTS RDCIAL,Puebla,Puebla,
asis-1736,ASIS,Puebla,Puebla,
asuncion-alseseca-1710,ASUNCION ALSESECA,Puebla,Puebla,
atlas-1014,ATLAS,Puebla,Puebla,
atlixcayotl-2000-i-1282,ATLIXCAYOTL 2000 I,Puebla,Puebla,
atlixcayotl-2000-(magisterio)-1280,ATLIXCAYOTL 2000 (MAGISTERIO),Puebla,Puebla,
atoyac-1747,ATOYAC,Puebla,Puebla,
atzala-1057,ATZALA,Puebla,Puebla,
atzala-1544,ATZALA,Puebla,Puebla,
atzala-1088,ATZALA,Puebla,Puebla,
atzala-1062,ATZALA,Puebla,Puebla,
atzcapozalco-55,ATZCAPOZALCO,Puebla,Puebla,
axoxoca-807,AXOXOCA,Puebla,Puebla,
azteca-1170,AZTECA,Puebla,Puebla,
azteca-1582,AZTECA,Puebla,Puebla,
azteca-262,AZTECA,Puebla,Puebla,
azul-residencial-849,AZUL RESIDENCIAL,Puebla,Puebla,
balam-1542,BALAM,Puebla,Puebla,
balcones-del-sur-457,BALCONES DEL SUR,Puebla,Puebla,
banamex-269,BANAMEX,Puebla,Puebla,
banco-de-material-228,BANCO DE MATERIAL,Puebla,Puebla,
banco-de-puebla-29,BANCO DE PUEBLA,Puebla,Puebla,
banderas-1685,BANDERAS,Puebla,Puebla,
bandini-10,BANDINI,Puebla,Puebla,
banus-504,BANUS,Puebla,Puebla,
barranca-honda-183,BARRANCA HONDA,Puebla,Puebla,
barreal-diamante-918,BARREAL DIAMANTE,Puebla,Puebla,
barrio-real-681,BARRIO REAL,Puebla,Puebla,
barrios-de-arboledas-134,BARRIOS DE ARBOLEDAS,Puebla,Puebla,
barrios-de-santa-catarina-743,BARRIOS DE SANTA CATARINA,Puebla,Puebla,
belen-1475,BELEN,Puebla,Puebla,
belisario-dominguez-1138,BELISARIO DOMINGUEZ,Puebla,Puebla,
bellas-artes-1401,BELLAS ARTES,Puebla,Puebla,
bella-vista-23,BELLA VISTA,Puebla,Puebla,
bella-vista-1255,BELLA VISTA,Puebla,Puebla,
benito-juarez-1121,BENITO JUAREZ,Puebla,Puebla,
benito-juarez-645,BENITO JUAREZ,Puebla,Puebla,
benito-juarez-364,BENITO JUAREZ,Puebla,Puebla,
bicentenario-1085,BICENTENARIO,Puebla,Puebla,
blue-towers-1292,BLUE TOWERS,Puebla,Puebla,
boscaje-closter-a-1652,BOSCAJE CLOSTER A,Puebla,Puebla,
bosque-de-atoyac-1271,BOSQUE DE ATOYAC,Puebla,Puebla,
bosques-5-de-febrero-155,BOSQUES 5 DE FEBRERO,Puebla,Puebla,
bosques-de-amalucan-1161,BOSQUES DE AMALUCAN,Puebla,Puebla,
bosques-de-amalucan-galaxia-1248,BOSQUES DE AMALUCAN GALAXIA,Puebla,Puebla,
bosques-de-angelopolis-1456,BOSQUES DE ANGELOPOLIS,Puebla,Puebla,
bosques-de-chapultepec-1240,BOSQUES DE CHAPULTEPEC,Puebla,Puebla,
bosques-de-chapultepec-2-1523,BOSQUES DE CHAPULTEPEC 2,Puebla,Puebla,
bosques-de-chapultepec-4-(closter-cedro)-1718,BOSQUES DE CHAPULTEPEC 4 (CLOSTER CEDRO),Puebla,Puebla,
bosques-de-chapultepec-4-(closter-cipres)-1719,BOSQUES DE CHAPULTEPEC 4 (CLOSTER CIPRES),Puebla,Puebla,
bosques-de-chapultepec-4-(closter-encino)-1692,BOSQUES DE CHAPULTEPEC 4 (CLOSTER ENCINO),Puebla,Puebla,
bosques-de-chapultepec-4-(closter-fresno)-1694,BOSQUES DE CHAPULTEPEC 4 (CLOSTER FRESNO),Puebla,Puebla,
bosques-de-chapultepec-4-(closter-oyamel)-1693,BOSQUES DE CHAPULTEPEC 4 (CLOSTER OYAMEL),Puebla,Puebla,
bosques-de-la-calera-659,BOSQUES DE LA CALERA,Puebla,Puebla,
bosques-de-la-ca├▒ada-517,BOSQUES DE LA CA├æADA,Puebla,Puebla,
bosques-de-los-angeles-310,BOSQUES DE LOS ANGELES,Puebla,Puebla,
bosques-de-los-heroes-puebla-959,BOSQUES DE LOS HEROES PUEBLA,Puebla,Puebla,
bosques-del-pedregal-1520,BOSQUES DEL PEDREGAL,Puebla,Puebla,
bosques-del-pilar-1164,BOSQUES DEL PILAR,Puebla,Puebla,
bosques-de-manzanilla-300,BOSQUES DE MANZANILLA,Puebla,Puebla,
bosques-de-san-sebastian-1722,BOSQUES DE SAN SEBASTIAN,Puebla,Puebla,
bosques-de-santa-anita-302,BOSQUES DE SANTA ANITA,Puebla,Puebla,
bosques-de-zavaleta-1676,BOSQUES DE ZAVALETA,Puebla,Puebla,
bosques-morillotla-1352,BOSQUES MORILLOTLA,Puebla,Puebla,
bosques-reserva-1158,BOSQUES RESERVA,Puebla,Puebla,
britania-la-calera-1527,BRITANIA LA CALERA,Puebla,Puebla,
buap-1193,BUAP,Puebla,Puebla,
buena-vista-350,BUENA VISTA,Puebla,Puebla,
buena-vista-apartments-1397,BUENA VISTA APARTMENTS,Puebla,Puebla,
buenos-aires-1254,BUENOS AIRES,Puebla,Puebla,
buenos-aires-250,BUENOS AIRES,Puebla,Puebla,
bugambilias-381,BUGAMBILIAS,Puebla,Puebla,
bugambilias-1400,BUGAMBILIAS,Puebla,Puebla,
bugambilias-738,BUGAMBILIAS,Puebla,Puebla,
bugambilias-1605,BUGAMBILIAS,Puebla,Puebla,
bugambilias-323,BUGAMBILIAS,Puebla,Puebla,
caba├▒as-del-lago-455,CABA├æAS DEL LAGO,Puebla,Puebla,
caba├▒as-de-santa-maria-521,CABA├æAS DE SANTA MARIA,Puebla,Puebla,
cabo-real-1723,CABO REAL,Puebla,Puebla,
cachanillas-751,CACHANILLAS,Puebla,Puebla,
callejon-de-la-concepcion-1402,CALLEJON DE LA CONCEPCION,Puebla,Puebla,
calpulli-sur-1679,CALPULLI SUR,Puebla,Puebla,
camino-real-1339,CAMINO REAL,Puebla,Puebla,
camino-real-132,CAMINO REAL,Puebla,Puebla,
campestre-covadonga-237,CAMPESTRE COVADONGA,Puebla,Puebla,
campestre-del-bosque-11,CAMPESTRE DEL BOSQUE,Puebla,Puebla,
campestre-del-lago-1629,CAMPESTRE DEL LAGO,Puebla,Puebla,
campestre-del-valle-877,CAMPESTRE DEL VALLE,Puebla,Puebla,
campestre-mayorazgo-409,CAMPESTRE MAYORAZGO,Puebla,Puebla,
campestre-morillotla-1368,CAMPESTRE MORILLOTLA,Puebla,Puebla,
campestre-rancho-colorado-1508,CAMPESTRE RANCHO COLORADO,Puebla,Puebla,
campestre-san-isidro-965,CAMPESTRE SAN ISIDRO,Puebla,Puebla,
campestre-san-rafael-1505,CAMPESTRE SAN RAFAEL,Puebla,Puebla,
carlota-o-punta-cipreses-1473,CARLOTA O PUNTA CIPRESES,Puebla,Puebla,
carmen-huexotitla-71,CARMEN HUEXOTITLA,Puebla,Puebla,
carmen-patrimonio-388,CARMEN PATRIMONIO,Puebla,Puebla,
carmen-serdan-1767,CARMEN SERDAN,Puebla,Puebla,
casas-alba-966,CASAS ALBA,Puebla,Puebla,
casa-viva-828-1297,CASA VIVA 828,Puebla,Puebla,
caserio-san-francisco-1419,CASERIO SAN FRANCISCO,Puebla,Puebla,
castillotla-1521,CASTILLOTLA,Puebla,Puebla,
catania-rdcial-1728,CATANIA RDCIAL,Puebla,Puebla,
cedros-634,CEDROS,Puebla,Puebla,
cencalli-1204,CENCALLI,Puebla,Puebla,
central-de-abasto-187,CENTRAL DE ABASTO,Puebla,Puebla,
centro-1256,CENTRO,Puebla,Puebla,
centro-497,CENTRO,Puebla,Puebla,
centro-historico-125,CENTRO HISTORICO,Puebla,Puebla,
cerrada-cipreses-546,CERRADA CIPRESES,Puebla,Puebla,
cerrada-los-caballos-1235,CERRADA LOS CABALLOS,Puebla,Puebla,
cerrada-san-antonio-893,CERRADA SAN ANTONIO,Puebla,Puebla,
cerritos-798,CERRITOS,Puebla,Puebla,
cerro-amalucan-1172,CERRO AMALUCAN,Puebla,Puebla,
cerro-bosque-663,CERRO BOSQUE,Puebla,Puebla,
cerro-bosque-1094,CERRO BOSQUE,Puebla,Puebla,
cerro-del-marquez-309,CERRO DEL MARQUEZ,Puebla,Puebla,
chachapa-1176,CHACHAPA,Puebla,Puebla,
chapulco-o-san-jose-chapulco-1267,CHAPULCO O SAN JOSE CHAPULCO,Puebla,Puebla,
chapultepec-706,CHAPULTEPEC,Puebla,Puebla,
cholula-1731,CHOLULA,Puebla,Puebla,
chula-vista-346,CHULA VISTA,Puebla,Puebla,
chula-vista-1471,CHULA VISTA,Puebla,Puebla,
cima-1396,CIMA,Puebla,Puebla,
cinco-de-mayo-256,CINCO DE MAYO,Puebla,Puebla,
cipres1809-luxury-towers-1540,CIPRES1809 LUXURY TOWERS,Puebla,Puebla,
cipreses-901,CIPRESES,Puebla,Puebla,
cipreses-atzala-1055,CIPRESES ATZALA,Puebla,Puebla,
cipreses-de-mayorazgo-802,CIPRESES DE MAYORAZGO,Puebla,Puebla,
cipreses-de-zavaleta-921,CIPRESES DE ZAVALETA,Puebla,Puebla,
ciudad-galaxia-la-calera-1051,CIUDAD GALAXIA LA CALERA,Puebla,Puebla,
ciudad-satelite-1ra-seccion-928,CIUDAD SATELITE 1RA SECCION,Puebla,Puebla,
ciudad-satelite-de-puebla-(2da-seccion)-1155,CIUDAD SATELITE DE PUEBLA  (2DA SECCION),Puebla,Puebla,
ciudad-universitaria-144,CIUDAD UNIVERSITARIA,Puebla,Puebla,
clarenza-1739,CLARENZA,Puebla,Puebla,
clotilde-torres-154,CLOTILDE TORRES,Puebla,Puebla,
club-de-golf-1272,CLUB DE GOLF,Puebla,Puebla,
club-de-golf-las-fuentes-1a-seccion-22,CLUB DE GOLF LAS FUENTES 1a SECCION,Puebla,Puebla,
club-de-golf-las-fuentes-2a-seccion-21,CLUB DE GOLF LAS FUENTES 2a SECCION,Puebla,Puebla,
cluster-10-10-10-994,CLUSTER 10-10-10,Puebla,Puebla,
cluster-10-10-a-(-grand-cypress-)-1065,CLUSTER 10-10 A  ( GRAND CYPRESS ),Puebla,Puebla,
cluster-10-10-b-1068,CLUSTER 10-10-B,Puebla,Puebla,
cluster-11-11-11-541,CLUSTER 11-11-11,Puebla,Puebla,
cluster-12-12-12-(-ambientes-doce-12-)-1030,CLUSTER 12 12 12 ( AMBIENTES DOCE 12 ),Puebla,Puebla,
cluster-222-911,CLUSTER 222,Puebla,Puebla,
cluster-2-2-2-a-1066,CLUSTER 2-2-2-A,Puebla,Puebla,
cluster-333-907,CLUSTER 333,Puebla,Puebla,
cluster-444-909,CLUSTER 444,Puebla,Puebla,
cluster-555-908,CLUSTER 555,Puebla,Puebla,
cluster-777-913,CLUSTER 777,Puebla,Puebla,
cluster-888-910,CLUSTER 888,Puebla,Puebla,
cluster-999-912,CLUSTER 999,Puebla,Puebla,
cluster-del-angel-1314,CLUSTER DEL ANGEL,Puebla,Puebla,
colinas-del-bosque-625,COLINAS DEL BOSQUE,Puebla,Puebla,
colonial-san-jeronimo-213,COLONIAL SAN JERONIMO,Puebla,Puebla,
colonias-unidas-472,COLONIAS UNIDAS,Puebla,Puebla,
col-vicente-guerrero-606,COL VICENTE GUERRERO,Puebla,Puebla,
concepcion-guadalupe-1470,CONCEPCION GUADALUPE,Puebla,Puebla,
concepcion-la-cruz-1452,CONCEPCION LA CRUZ,Puebla,Puebla,
concepcion-la-cruz-1357,CONCEPCION LA CRUZ,Puebla,Puebla,
concepcion-las-lajas-1441,CONCEPCION LAS LAJAS,Puebla,Puebla,
conjunto-caba├▒as-valsequillo-1587,CONJUNTO CABA├æAS VALSEQUILLO,Puebla,Puebla,
conjunto-pavorreales-829,CONJUNTO PAVORREALES,Puebla,Puebla,
conjunto-real-680,CONJUNTO REAL,Puebla,Puebla,
constitucion-mexicana-452,CONSTITUCION MEXICANA,Puebla,Puebla,
cool-guest-549,COOL GUEST,Puebla,Puebla,
coronel-miguel-auza---jardines-de-san-manuel-94,CORONEL MIGUEL AUZA - JARDINES DE SAN MANUEL,Puebla,Puebla,
corredor-industrial-la-cienega-288,CORREDOR INDUSTRIAL LA CIENEGA,Puebla,Puebla,
cortijo-angelopolis-1461,CORTIJO ANGELOPOLIS,Puebla,Puebla,
cortijo-santa-rosa-1433,CORTIJO SANTA ROSA,Puebla,Puebla,
cosmos-1564,COSMOS,Puebla,Puebla,
covadonga-239,COVADONGA,Puebla,Puebla,
coyopotrero-229,COYOPOTRERO,Puebla,Puebla,
coyotepec-612,COYOTEPEC,Puebla,Puebla,
cristobal-colon-260,CRISTOBAL COLON,Puebla,Puebla,
crucero-de-san-juan-750,CRUCERO DE SAN JUAN,Puebla,Puebla,
cruz-del-sur-1012,CRUZ DEL SUR,Puebla,Puebla,
cruz-de-sur-539,CRUZ DE SUR,Puebla,Puebla,
cruztitlan-1257,CRUZTITLAN,Puebla,Puebla,
cuachitla-tonantzintla-1031,CUACHITLA TONANTZINTLA,Puebla,Puebla,
cuarta-790,CUARTA,Puebla,Puebla,
cuarzo-1705,CUARZO,Puebla,Puebla,
cuauhtemoc-1698,CUAUHTEMOC,Puebla,Puebla,
cuauhtemoc-1510,CUAUHTEMOC,Puebla,Puebla,
cuauhtemoc-148,CUAUHTEMOC,Puebla,Puebla,
cuayantla-600,CUAYANTLA,Puebla,Puebla,
cube-1107,CUBE,Puebla,Puebla,
cube-ii-1219,CUBE II,Puebla,Puebla,
cuitlahuac-1177,CUITLAHUAC,Puebla,Puebla,
cumbres-1660,CUMBRES,Puebla,Puebla,
damisar-402,DAMISAR,Puebla,Puebla,
damizar-61,DAMIZAR,Puebla,Puebla,
de-analco-31,DE ANALCO,Puebla,Puebla,
de-arcos-746,DE ARCOS,Puebla,Puebla,
de-balcones-747,DE BALCONES,Puebla,Puebla,
decima-789,DECIMA,Puebla,Puebla,
de-jesus-594,DE JESUS,Puebla,Puebla,
de-la-cruz-1135,DE LA CRUZ,Puebla,Puebla,
del-angel-1075,DEL ANGEL,Puebla,Puebla,
del-arte-1381,DEL ARTE,Puebla,Puebla,
del-bosque-1120,DEL BOSQUE,Puebla,Puebla,
del-encanto-1377,DEL ENCANTO,Puebla,Puebla,
del-ingeniero---col-el-carmen-342,DEL INGENIERO - COL EL CARMEN,Puebla,Puebla,
del-parque-1535,DEL PARQUE,Puebla,Puebla,
del-valle-200,DEL VALLE,Puebla,Puebla,
del-valle-90,DEL VALLE,Puebla,Puebla,
del-valle-220,DEL VALLE,Puebla,Puebla,
del-valle-1175,DEL VALLE,Puebla,Puebla,
departamentos-el-fenix-885,DEPARTAMENTOS EL FENIX,Puebla,Puebla,
departamentos-san-ramon-884,DEPARTAMENTOS SAN RAMON,Puebla,Puebla,
de-portales-745,DE PORTALES,Puebla,Puebla,
de-san-andres-825,DE SAN ANDRES,Puebla,Puebla,
destello-2-1226,DESTELLO 2,Puebla,Puebla,
diamante-ii-1522,DIAMANTE II,Puebla,Puebla,
diez-de-mayo-271,DIEZ DE MAYO,Puebla,Puebla,
distribuidor-vial-carmen-serdan-474,DISTRIBUIDOR VIAL CARMEN SERDAN,Puebla,Puebla,
doce-de-mayo-368,DOCE DE MAYO,Puebla,Puebla,
dr-mateo-de-regil-r-1349,DR MATEO DE REGIL R,Puebla,Puebla,
eccehomo-591,ECCEHOMO,Puebla,Puebla,
eclipse-416,ECLIPSE,Puebla,Puebla,
edgardo-amilcar-campos-1643,EDGARDO AMILCAR CAMPOS,Puebla,Puebla,
educadores-435,EDUCADORES,Puebla,Puebla,
el-agave-1118,EL AGAVE,Puebla,Puebla,
el-aguila-la-piedad-348,EL AGUILA-LA PIEDAD,Puebla,Puebla,
el-alamo-1411,EL ALAMO,Puebla,Puebla,
el-alto-253,EL ALTO,Puebla,Puebla,
el-angel-25,EL ANGEL,Puebla,Puebla,
el-arcangel-1417,EL ARCANGEL,Puebla,Puebla,
el-arenal-480,EL ARENAL,Puebla,Puebla,
el-barreal-o-barr-real-de-san-andres-578,EL BARREAL o BARR REAL DE SAN ANDRES,Puebla,Puebla,
el-carmen-405,EL CARMEN,Puebla,Puebla,
el-carmen-69,EL CARMEN,Puebla,Puebla,
el-carmen-gastronomicos-403,EL CARMEN GASTRONOMICOS,Puebla,Puebla,
el-castillo-525,EL CASTILLO,Puebla,Puebla,
el-cerrito-379,EL CERRITO,Puebla,Puebla,
el-chamizal-49,EL CHAMIZAL,Puebla,Puebla,
el-chamizal-191,EL CHAMIZAL,Puebla,Puebla,
el-colibri-561,EL COLIBRI,Puebla,Puebla,
el-colibri-1626,EL COLIBRI,Puebla,Puebla,
el-conde-891,EL CONDE,Puebla,Puebla,
el-cristo-1115,EL CRISTO,Puebla,Puebla,
el-cristo-498,EL CRISTO,Puebla,Puebla,
el-damisar-667,EL DAMISAR,Puebla,Puebla,
el-deseo-1069,EL DESEO,Puebla,Puebla,
el-destello-1128,EL DESTELLO,Puebla,Puebla,
el-diamante-1005,EL DIAMANTE,Puebla,Puebla,
el-divino-salvador-de-san-salvador-tepexco-632,EL DIVINO SALVADOR DE SAN SALVADOR TEPEXCO,Puebla,Puebla,
el-eden-711,EL EDEN,Puebla,Puebla,
eleganza-929,ELEGANZA,Puebla,Puebla,
eleganza-la-calera-1553,ELEGANZA LA CALERA,Puebla,Puebla,
elementari-flats-1699,ELEMENTARI FLATS,Puebla,Puebla,
el-encanto-de-san-andres-1624,EL ENCANTO DE SAN ANDRES,Puebla,Puebla,
el-encanto-iv-744,EL ENCANTO IV,Puebla,Puebla,
el-ensue├▒o-1603,EL ENSUE├æO,Puebla,Puebla,
el-esfuerzo-zaragoza-(zaragoza)-650,EL ESFUERZO ZARAGOZA (ZARAGOZA),Puebla,Puebla,
el-fresno-401,EL FRESNO,Puebla,Puebla,
el-fresno-196,EL FRESNO,Puebla,Puebla,
el-fresno-2-703,EL FRESNO 2,Puebla,Puebla,
el-girasol-384,EL GIRASOL,Puebla,Puebla,
el-girasol---san-juan-tulcingo-758,EL GIRASOL - SAN JUAN TULCINGO,Puebla,Puebla,
el-jagey-649,EL JAGEY,Puebla,Puebla,
el-jardin-1748,EL JARDIN,Puebla,Puebla,
el-mexicano-684,EL MEXICANO,Puebla,Puebla,
el-milagro-1614,EL MILAGRO,Puebla,Puebla,
el-mineral-41,EL MINERAL,Puebla,Puebla,
el-mirador-6,EL MIRADOR,Puebla,Puebla,
el-mirador-de-la-calera-660,EL MIRADOR DE LA CALERA,Puebla,Puebla,
el-molinito-1453,EL MOLINITO,Puebla,Puebla,
el-molino-1194,EL MOLINO,Puebla,Puebla,
el-morado-1439,EL MORADO,Puebla,Puebla,
el-naranjo-324,EL NARANJO,Puebla,Puebla,
el-navariego-732,EL NAVARIEGO,Puebla,Puebla,
el-oasis-1100,EL OASIS,Puebla,Puebla,
el-olivo-1214,EL OLIVO,Puebla,Puebla,
el-origen-1695,EL ORIGEN,Puebla,Puebla,
el-paraiso-1347,EL PARAISO,Puebla,Puebla,
el-pedregal-1688,EL PEDREGAL,Puebla,Puebla,
el-pedregal-330,EL PEDREGAL,Puebla,Puebla,
el-pilar-1363,EL PILAR,Puebla,Puebla,
el-pinal-163,EL PINAL,Puebla,Puebla,
el-pinar-1395,EL PINAR,Puebla,Puebla,
el-porvenir-265,EL PORVENIR,Puebla,Puebla,
el-progreso-386,EL PROGRESO,Puebla,Puebla,
el-puente-1675,EL PUENTE,Puebla,Puebla,
el-refugio-143,EL REFUGIO,Puebla,Puebla,
el-refugio-441,EL REFUGIO,Puebla,Puebla,
el-refugio---policias-712,EL REFUGIO - POLICIAS,Puebla,Puebla,
el-refugio-zavaleta-735,EL REFUGIO ZAVALETA,Puebla,Puebla,
el-riego-204,EL RIEGO,Puebla,Puebla,
el-riego-iii-701,EL RIEGO III,Puebla,Puebla,
el-riego-norte-721,EL RIEGO NORTE,Puebla,Puebla,
el-riego-norte-1-647,EL RIEGO NORTE 1,Puebla,Puebla,
el-riego-norte-2-648,EL RIEGO NORTE 2,Puebla,Puebla,
el-riego-sur-720,EL RIEGO SUR,Puebla,Puebla,
el-rincon-1554,EL RINCON,Puebla,Puebla,
el-rosario-1595,EL ROSARIO,Puebla,Puebla,
el-rosario-1215,EL ROSARIO,Puebla,Puebla,
elsa-cordova-1774,ELSA CORDOVA,Puebla,Puebla,
el-salvador-1173,EL SALVADOR,Puebla,Puebla,
el-saucedal-1447,EL SAUCEDAL,Puebla,Puebla,
el-secreto-755,EL SECRETO,Puebla,Puebla,
el-secreto-1720,EL SECRETO,Puebla,Puebla,
el-secreto-1659,EL SECRETO,Puebla,Puebla,
el-sue├▒o-1615,EL SUE├æO,Puebla,Puebla,
el-tamborcito-126,EL TAMBORCITO,Puebla,Puebla,
el-triunfo-442,EL TRIUNFO,Puebla,Puebla,
el-triunfo-antorcha-popular-1775,EL TRIUNFO ANTORCHA POPULAR,Puebla,Puebla,
emiliano-zapata-1450,EMILIANO ZAPATA,Puebla,Puebla,
emperador-688,EMPERADOR,Puebla,Puebla,
emperatriz-169,EMPERATRIZ,Puebla,Puebla,
encinar-1a-seccion-785,ENCINAR 1a SECCION,Puebla,Puebla,
encinar-2a-seccion-788,ENCINAR 2a SECCION,Puebla,Puebla,
energance-1507,ENERGANCE,Puebla,Puebla,
enigma-1702,ENIGMA,Puebla,Puebla,
esmeralda-804,ESMERALDA,Puebla,Puebla,
esmeralda-353,ESMERALDA,Puebla,Puebla,
estacion-nueva-157,ESTACION NUEVA,Puebla,Puebla,
estrella-del-sur-1346,ESTRELLA DEL SUR,Puebla,Puebla,
everest-383,EVEREST,Puebla,Puebla,
excursionista-1607,EXCURSIONISTA,Puebla,Puebla,
excursionista-1495,EXCURSIONISTA,Puebla,Puebla,
ex-hacienda-corregidora-1743,EX HACIENDA CORREGIDORA,Puebla,Puebla,
exhacienda-del-angel-883,EXHACIENDA DEL ANGEL,Puebla,Puebla,
ex---hacienda-del-camino-real-1331,EX - HACIENDA DEL CAMINO REAL,Puebla,Puebla,
ex-hacienda-de-san-martinito-1454,EX HACIENDA DE SAN MARTINITO,Puebla,Puebla,
ex-hacienda-la-noria-374,EX-HACIENDA LA NORIA,Puebla,Puebla,
ex-hacienda-mayorazgo-1141,EX HACIENDA MAYORAZGO,Puebla,Puebla,
ex-hacienda-rancho-colorado-87,EX HACIENDA RANCHO COLORADO,Puebla,Puebla,
ex-hacienda-san-bartolo-coatepec-1772,EX HACIENDA SAN BARTOLO COATEPEC,Puebla,Puebla,
ex-hacienda-san-bartolo-coatepec-1773,EX HACIENDA SAN BARTOLO COATEPEC,Puebla,Puebla,
ex-hacienda-san-jose-chapulco-1318,EX-HACIENDA SAN JOSE CHAPULCO,Puebla,Puebla,
ex-hacienda-san-juan-xilotzingo-1616,EX-HACIENDA SAN JUAN XILOTZINGO,Puebla,Puebla,
ex-hda-concepcion-buena-vista-1672,EX HDA CONCEPCION BUENA VISTA,Puebla,Puebla,
ex-hda-concepcion-buena-vista-1674,EX HDA CONCEPCION BUENA VISTA,Puebla,Puebla,
ex-hda-concepcion-buena-vista-1745,EX HDA CONCEPCION BUENA VISTA,Puebla,Puebla,
ex-hda-concepcion-buena-vista-1746,EX HDA CONCEPCION BUENA VISTA,Puebla,Puebla,
ex-hda-concepcion-buena-vista-1673,EX HDA CONCEPCION BUENA VISTA,Puebla,Puebla,
ex-hda-la-concepcion-morillotla-1435,EX HDA LA CONCEPCION MORILLOTLA,Puebla,Puebla,
ex-hda-san-jose-actipac-1190,EX HDA SAN JOSE ACTIPAC,Puebla,Puebla,
ex-hda-santa-teresa-1713,EX HDA SANTA TERESA,Puebla,Puebla,
ex-hda-santa-teresa-1022,EX HDA SANTA TERESA,Puebla,Puebla,
exrancho-calderon-1098,EXRANCHO CALDERON,Puebla,Puebla,
ex-rancho-vaquerias-suntuap-1546,EX RANCHO VAQUERIAS SUNTUAP,Puebla,Puebla,
fabrica-civa-g-240,FABRICA CIVA G,Puebla,Puebla,
fabrica-covadonga-719,FABRICA COVADONGA,Puebla,Puebla,
fabrica-la-constancia-208,FABRICA LA CONSTANCIA,Puebla,Puebla,
faisanes-917,FAISANES,Puebla,Puebla,
farol-559,FAROL,Puebla,Puebla,
fauna-marina-968,FAUNA MARINA,Puebla,Puebla,
felicidad-1110,FELICIDAD,Puebla,Puebla,
fenasib-419,FENASIB,Puebla,Puebla,
fidel-velazquez-195,FIDEL VELAZQUEZ,Puebla,Puebla,
fior-di-neve-1344,FIOR DI NEVE,Puebla,Puebla,
floral-1053,FLORAL,Puebla,Puebla,
flor-batavia-776,FLOR  BATAVIA,Puebla,Puebla,
flor-del-sur-997,FLOR DEL SUR,Puebla,Puebla,
flores-del-pedregal-604,FLORES DEL PEDREGAL,Puebla,Puebla,
floresta-1320,FLORESTA,Puebla,Puebla,
floresta-san-isidro-castillotla-536,FLORESTA SAN ISIDRO CASTILLOTLA,Puebla,Puebla,
folare-528,FOLARE,Puebla,Puebla,
fortin-de-zavaleta-1076,FORTIN DE ZAVALETA,Puebla,Puebla,
fovi-la-maria-217,FOVI LA MARIA,Puebla,Puebla,
fovissste-san-manuel-95,FOVISSSTE SAN MANUEL,Puebla,Puebla,
fovissste-san-roque-411,FOVISSSTE SAN ROQUE,Puebla,Puebla,
fraccionamiento-el-refugio-605,FRACCIONAMIENTO EL REFUGIO,Puebla,Puebla,
framboyanes-1558,FRAMBOYANES,Puebla,Puebla,
francisco-i-madero-72,FRANCISCO I MADERO,Puebla,Puebla,
francisco-javier-clavijero-333,FRANCISCO JAVIER CLAVIJERO,Puebla,Puebla,
francisco-villa-110,FRANCISCO VILLA,Puebla,Puebla,
francisco-villa-1568,FRANCISCO VILLA,Puebla,Puebla,
francisco-villa---26-de-mayo-118,FRANCISCO VILLA - 26 DE MAYO,Puebla,Puebla,
fraternidad-antorchista-456,FRATERNIDAD ANTORCHISTA,Puebla,Puebla,
fuentes-de-angelopolis-1446,FUENTES DE ANGELOPOLIS,Puebla,Puebla,
fuentes-de-moratilla-210,FUENTES DE MORATILLA,Puebla,Puebla,
fuentes-de-san-aparicio-292,FUENTES DE SAN APARICIO,Puebla,Puebla,
fuentes-de-san-bartolo-426,FUENTES DE SAN BARTOLO,Puebla,Puebla,
fundadores-136,FUNDADORES,Puebla,Puebla,
fundadores-de-chapultepec(la-mesa)-974,FUNDADORES DE CHAPULTEPEC(LA MESA),Puebla,Puebla,
fundadores-de-zavaleta-759,FUNDADORES DE ZAVALETA,Puebla,Puebla,
gabriel-pastor-2a-seccion-471,GABRIEL PASTOR 2a SECCION,Puebla,Puebla,
gabriel-pastor-primera-seccion-369,GABRIEL PASTOR PRIMERA SECCION,Puebla,Puebla,
galaxia-bosques-de-manzanilla-1a-seccion-761,GALAXIA BOSQUES DE MANZANILLA 1a SECCION,Puebla,Puebla,
galaxia-bosques-de-manzanilla-2a-seccion-762,GALAXIA BOSQUES DE MANZANILLA 2a SECCION,Puebla,Puebla,
galaxia-la-laguna-508,GALAXIA LA LAGUNA,Puebla,Puebla,
galeotitla-598,GALEOTITLA,Puebla,Puebla,
galeotitla-595,GALEOTITLA,Puebla,Puebla,
galia-1729,GALIA,Puebla,Puebla,
gavilanes-1733,GAVILANES,Puebla,Puebla,
general-miguel-negrete-68,GENERAL MIGUEL NEGRETE,Puebla,Puebla,
geo-villas-de-castillotla-523,GEO VILLAS DE CASTILLOTLA,Puebla,Puebla,
geovillas-del-sur-1761,GEOVILLAS DEL SUR,Puebla,Puebla,
geovillas-la-hacienda-1359,GEOVILLAS LA HACIENDA,Puebla,Puebla,
geovillas-las-garzas-secc-1-816,GEOVILLAS LAS GARZAS SECC 1,Puebla,Puebla,
geovillas-las-garzas-secc-2-654,GEOVILLAS LAS GARZAS SECC 2,Puebla,Puebla,
geovillas-los-encinos-501,GEOVILLAS LOS ENCINOS,Puebla,Puebla,
geovillas-santa-clara-1686,GEOVILLAS SANTA CLARA,Puebla,Puebla,
gerona-946,GERONA,Puebla,Puebla,
getsemani-1600,GETSEMANI,Puebla,Puebla,
getzemani---el-nopalito-56,GETZEMANI - EL NOPALITO,Puebla,Puebla,
gladiolas-1742,GLADIOLAS,Puebla,Puebla,
gonzalo-bautista-1112,GONZALO BAUTISTA,Puebla,Puebla,
gonzalo-bautista-ofarril-1506,GONZALO BAUTISTA OFARRIL,Puebla,Puebla,
gral-ignacio-zaragoza-54,GRAL IGNACIO ZARAGOZA,Puebla,Puebla,
gran-barreal-1541,GRAN BARREAL,Puebla,Puebla,
granjas-atoyac-365,GRANJAS ATOYAC,Puebla,Puebla,
granjas-atoyac-1757,GRANJAS ATOYAC,Puebla,Puebla,
granjas-bugambilias-1579,GRANJAS BUGAMBILIAS,Puebla,Puebla,
granjas-del-sur-397,GRANJAS DEL SUR,Puebla,Puebla,
granjas-lagulena-113,GRANJAS LAGULENA,Puebla,Puebla,
granjas-mayorazgo-418,GRANJAS MAYORAZGO,Puebla,Puebla,
granjas-providencia-1492,GRANJAS PROVIDENCIA,Puebla,Puebla,
granjas-puebla-638,GRANJAS PUEBLA,Puebla,Puebla,
granjas-puebla-608,GRANJAS PUEBLA,Puebla,Puebla,
granjas-puebla-854,GRANJAS PUEBLA,Puebla,Puebla,
grecia-1644,GRECIA,Puebla,Puebla,
gregorio-de-gante-1637,GREGORIO DE GANTE,Puebla,Puebla,
gregorio-ramos---la-providencia-43,GREGORIO RAMOS - LA PROVIDENCIA,Puebla,Puebla,
guadalupana-o-finca-san-andres-583,GUADALUPANA O FINCA SAN ANDRES,Puebla,Puebla,
guadalupe-470,GUADALUPE,Puebla,Puebla,
guadalupe-990,GUADALUPE,Puebla,Puebla,
guadalupe-caleras-212,GUADALUPE CALERAS,Puebla,Puebla,
guadalupe-de-resurreccin-1509,GUADALUPE DE RESURRECCIN,Puebla,Puebla,
guadalupe-el-conde-178,GUADALUPE EL CONDE,Puebla,Puebla,
guadalupe-el-oro-235,GUADALUPE EL ORO,Puebla,Puebla,
guadalupe-hidalgo-427,GUADALUPE HIDALGO,Puebla,Puebla,
guadalupe-victoria-676,GUADALUPE VICTORIA,Puebla,Puebla,
guadalupe-victoria-149,GUADALUPE VICTORIA,Puebla,Puebla,
guadalupe-xonacatepec-316,GUADALUPE XONACATEPEC,Puebla,Puebla,
gustavo-diaz-ordaz-371,GUSTAVO DIAZ ORDAZ,Puebla,Puebla,
habitad-cholula-550,HABITAD CHOLULA,Puebla,Puebla,
habitat-para-la-humanidad-jimmy-carter-817,HABITAT PARA LA HUMANIDAD JIMMY CARTER,Puebla,Puebla,
hacienda-castillotla-779,HACIENDA CASTILLOTLA,Puebla,Puebla,
hacienda-del-sur-896,HACIENDA DEL SUR,Puebla,Puebla,
hacienda-del-sur-seccion-cofradia-1050,HACIENDA DEL SUR SECCION COFRADIA,Puebla,Puebla,
hacienda-de-manzanilla-1087,HACIENDA DE MANZANILLA,Puebla,Puebla,
hacienda-de-san-andres-1337,HACIENDA DE SAN ANDRES,Puebla,Puebla,
hacienda-el-cobre-844,HACIENDA EL COBRE,Puebla,Puebla,
hacienda-el-cobre-ii-1593,HACIENDA EL COBRE II,Puebla,Puebla,
hacienda-el-cobre-iii-930,HACIENDA EL COBRE III,Puebla,Puebla,
hacienda-las-fuentes-1776,HACIENDA LAS FUENTES,Puebla,Puebla,
hacienda-las-fuentes-ii-1763,HACIENDA LAS FUENTES II,Puebla,Puebla,
hacienda-los-capulines-1-1165,HACIENDA LOS CAPULINES 1,Puebla,Puebla,
hacienda-los-capulines-2-1166,HACIENDA LOS CAPULINES 2,Puebla,Puebla,
hacienda-los-olivos-886,HACIENDA LOS OLIVOS,Puebla,Puebla,
hacienda-san-diego-620,HACIENDA SAN DIEGO,Puebla,Puebla,
hacienda-san-jose-812,HACIENDA SAN JOSE,Puebla,Puebla,
hacienda-san-juan-800,HACIENDA SAN JUAN,Puebla,Puebla,
hacienda-san-miguel-1218,HACIENDA SAN MIGUEL,Puebla,Puebla,
hacienda-santa-clara-837,HACIENDA SANTA CLARA,Puebla,Puebla,
he---hecatepec-1258,HE - HECATEPEC,Puebla,Puebla,
heritage-1-630,HERITAGE 1,Puebla,Puebla,
heritage-ii-629,HERITAGE II,Puebla,Puebla,
hermenegildo-j-aldana-38,HERMENEGILDO J ALDANA,Puebla,Puebla,
hermosa-provincia-1092,HERMOSA PROVINCIA,Puebla,Puebla,
heroe-de-nacozari-343,HEROE DE NACOZARI,Puebla,Puebla,
heroes-del-5-de-mayo-255,HEROES DEL 5 DE MAYO,Puebla,Puebla,
heroes-del-5-de-mayo-sur-461,HEROES DEL 5 DE MAYO SUR,Puebla,Puebla,
heroes-de-puebla-1751,HEROES DE PUEBLA,Puebla,Puebla,
heroes-de-puebla-1526,HEROES DE PUEBLA,Puebla,Puebla,
hidalgo-146,HIDALGO,Puebla,Puebla,
hidalgo-933,HIDALGO,Puebla,Puebla,
historiadores-666,HISTORIADORES,Puebla,Puebla,
horizontal-conjunto-san-martin-850,HORIZONTAL CONJUNTO SAN MARTIN,Puebla,Puebla,
horizontal-la-piedad-847,HORIZONTAL LA PIEDAD,Puebla,Puebla,
huexotitla---alpha-2-80,HUEXOTITLA - ALPHA 2,Puebla,Puebla,
humboldt-norte-259,HUMBOLDT NORTE,Puebla,Puebla,
humboldt-sur-39,HUMBOLDT SUR,Puebla,Puebla,
ignacio-mariscal-1181,IGNACIO MARISCAL,Puebla,Puebla,
ignacio-romero-vargas-1561,IGNACIO ROMERO VARGAS,Puebla,Puebla,
il-albore-1291,IL ALBORE,Puebla,Puebla,
independencia-1142,INDEPENDENCIA,Puebla,Puebla,
independencia-188,INDEPENDENCIA,Puebla,Puebla,
independencia-284,INDEPENDENCIA,Puebla,Puebla,
independencia-caleras-211,INDEPENDENCIA CALERAS,Puebla,Puebla,
indios-verdes-969,INDIOS VERDES,Puebla,Puebla,
infonavit-loma-bella-422,INFONAVIT LOMA BELLA,Puebla,Puebla,
infonavit-san-miguel-mayorazgo-428,INFONAVIT SAN MIGUEL MAYORAZGO,Puebla,Puebla,
ing-guillermo-gonzalez-camarena-1187,ING GUILLERMO GONZALEZ CAMARENA,Puebla,Puebla,
insurgentes-antorchista-993,INSURGENTES ANTORCHISTA,Puebla,Puebla,
insurgentes-chula-vista-344,INSURGENTES CHULA VISTA,Puebla,Puebla,
insurgentes-oriente-882,INSURGENTES ORIENTE,Puebla,Puebla,
insurgentes-residencial-916,INSURGENTES RESIDENCIAL,Puebla,Puebla,
islas-1116,ISLAS,Puebla,Puebla,
iturbide-264,ITURBIDE,Puebla,Puebla,
ivi-hogar-el-carruaje-1533,IVI HOGAR EL CARRUAJE,Puebla,Puebla,
ivi-hogar-los-molinos-1499,IVI HOGAR LOS MOLINOS,Puebla,Puebla,
ivi-hogar-mision-san-jose-1537,IVI HOGAR MISION SAN JOSE,Puebla,Puebla,
ivi-hogar-mision-san-jose-secc-4-1667,IVI HOGAR MISION SAN JOSE SECC 4,Puebla,Puebla,
ivi-hogar-paseos-del-lago-551,IVI HOGAR PASEOS DEL LAGO,Puebla,Puebla,
ivi-hogar-santa-lucia-1013,IVI HOGAR SANTA LUCIA,Puebla,Puebla,
ivi-hogar-santa-lucia-3-1228,IVI HOGAR SANTA LUCIA 3,Puebla,Puebla,
ivi-hogar-santa-lucia-4-1627,IVI HOGAR SANTA LUCIA 4,Puebla,Puebla,
ivi-hogar-santa-lucia-4-2a-seccion-1481,IVI HOGAR SANTA LUCIA 4 2a SECCION,Puebla,Puebla,
ivi-hogar-santa-lucia-5-1560,IVI HOGAR SANTA LUCIA 5,Puebla,Puebla,
ivi-santa-lucia-2-1227,IVI SANTA LUCIA 2,Puebla,Puebla,
izcalli-1324,IZCALLI,Puebla,Puebla,
jacaranda-75,JACARANDA,Puebla,Puebla,
jardin-1000,JARDIN,Puebla,Puebla,
jardin-399,JARDIN,Puebla,Puebla,
jardin-de-san-jose-1358,JARDIN DE SAN JOSE,Puebla,Puebla,
jardines-de-amalucan-1168,JARDINES DE AMALUCAN,Puebla,Puebla,
jardines-de-atlixco-1784,JARDINES DE ATLIXCO,Puebla,Puebla,
jardines-de-bugambilias-130,JARDINES DE BUGAMBILIAS,Puebla,Puebla,
jardines-de-castillotla-527,JARDINES DE CASTILLOTLA,Puebla,Puebla,
jardines-de-castillotla-1084,JARDINES DE CASTILLOTLA,Puebla,Puebla,
jardines-de-castillotla-5a-seccion-996,JARDINES DE CASTILLOTLA 5a SECCION,Puebla,Puebla,
jardines-de-chachapa-ampliacion-signoret-1143,JARDINES DE CHACHAPA-AMPLIACION SIGNORET,Puebla,Puebla,
jardines-de-juan-bosco---col-juan-bosco-518,JARDINES DE JUAN BOSCO - COL JUAN BOSCO,Puebla,Puebla,
jardines-de-la-joya-769,JARDINES DE LA JOYA,Puebla,Puebla,
jardines-de-la-monta├▒a-1026,JARDINES DE LA MONTA├æA,Puebla,Puebla,
jardines-de-la-pedrera-490,JARDINES DE LA PEDRERA,Puebla,Puebla,
jardines-de-los-cipreses-1004,JARDINES DE LOS CIPRESES,Puebla,Puebla,
jardines-del-roble-1041,JARDINES DEL ROBLE,Puebla,Puebla,
jardines-del-roble-rdcial-1199,JARDINES DEL ROBLE RDCIAL,Puebla,Puebla,
jardines-del-sur-460,JARDINES DEL SUR,Puebla,Puebla,
jardines-de-morillotla-1434,JARDINES DE MORILLOTLA,Puebla,Puebla,
jardines-de-saint-germain-795,JARDINES DE SAINT GERMAIN,Puebla,Puebla,
jardines-de-san-andres-547,JARDINES DE SAN ANDRES,Puebla,Puebla,
jardines-de-san-carlos-1289,JARDINES DE SAN CARLOS,Puebla,Puebla,
jardines-de-san-jeronimo-203,JARDINES DE SAN JERONIMO,Puebla,Puebla,
jardines-de-san-jose-1174,JARDINES DE SAN JOSE,Puebla,Puebla,
jardines-de-san-manuel-730,JARDINES DE SAN MANUEL,Puebla,Puebla,
jardines-de-san-ramon-640,JARDINES DE SAN RAMON,Puebla,Puebla,
jardines-de-santa-rosa-708,JARDINES DE SANTA ROSA,Puebla,Puebla,
jardines-de-santiago-1665,JARDINES DE SANTIAGO,Puebla,Puebla,
jardines-de-santiago-1650,JARDINES DE SANTIAGO,Puebla,Puebla,
jardines-de-santiago-1317,JARDINES DE SANTIAGO,Puebla,Puebla,
jardines-de-zavaleta-765,JARDINES DE ZAVALETA,Puebla,Puebla,
jardines-la-resurreccion-1-298,JARDINES LA RESURRECCION 1,Puebla,Puebla,
jardines-la-resurreccion-2-297,JARDINES LA RESURRECCION 2,Puebla,Puebla,
jardnies-de-san-francisco-1539,JARDNIES DE SAN FRANCISCO,Puebla,Puebla,
jazmin-1606,JAZMIN,Puebla,Puebla,
jesus-garcia-122,JESUS GARCIA,Puebla,Puebla,
jesus-garcia-corona-1567,JESUS GARCIA CORONA,Puebla,Puebla,
jesus-gonzalez-ortega-114,JESUS GONZALEZ ORTEGA,Puebla,Puebla,
joaquin-colombres-303,JOAQUIN COLOMBRES,Puebla,Puebla,
jorge-murad-102,JORGE MURAD,Puebla,Puebla,
jorge-murad-2a-seccion-1247,JORGE MURAD 2a SECCION,Puebla,Puebla,
jorge-murad-3a-seccion-1590,JORGE MURAD 3A SECCION,Puebla,Puebla,
jorge-murad-5ta-seccion-723,JORGE MURAD 5TA SECCION,Puebla,Puebla,
jorge-obispo-1028,JORGE OBISPO,Puebla,Puebla,
jose-abascal-59,JOSE ABASCAL,Puebla,Puebla,
jose-lopez-portillo-66,JOSE LOPEZ PORTILLO,Puebla,Puebla,
jose-maria-morelos-y-pavon-116,JOSE MARIA MORELOS Y PAVON,Puebla,Puebla,
jose-maria-pino-suarez-111,JOSE MARIA PINO SUAREZ,Puebla,Puebla,
joyas-del-sur---col-cihuacoatl-1788,JOYAS DEL SUR - COL CIHUACOATL,Puebla,Puebla,
juan-pablo-ii-1033,JUAN PABLO II,Puebla,Puebla,
kinara-rdcial-1706,KINARA RDCIAL,Puebla,Puebla,
kunem-dreams-989,KUNEM DREAMS,Puebla,Puebla,
la-acocota-35,LA ACOCOTA,Puebla,Puebla,
la-ahogada-57,LA AHOGADA,Puebla,Puebla,
la-alfonsina-958,LA ALFONSINA,Puebla,Puebla,
la-antigua-actipan-1725,LA ANTIGUA ACTIPAN,Puebla,Puebla,
la-antigua-cementera-1496,LA ANTIGUA CEMENTERA,Puebla,Puebla,
la-arbolada-1209,LA ARBOLADA,Puebla,Puebla,
la-aureola-682,LA AUREOLA,Puebla,Puebla,
la-barranca-305,LA BARRANCA,Puebla,Puebla,
la-calera-662,LA CALERA,Puebla,Puebla,
la-ca├▒ada-429,LA CA├æADA,Puebla,Puebla,
la-candelaria-586,LA CANDELARIA,Puebla,Puebla,
la-candelaria-190,LA CANDELARIA,Puebla,Puebla,
la-candelaria-590,LA CANDELARIA,Puebla,Puebla,
la-candelaria-1768,LA CANDELARIA,Puebla,Puebla,
la-carmelita-430,LA CARMELITA,Puebla,Puebla,
la-ceiba-rdcial-1683,LA CEIBA RDCIAL,Puebla,Puebla,
la-chispa-544,LA CHISPA,Puebla,Puebla,
la-cienega-278,LA CIENEGA,Puebla,Puebla,
la-cima-1464,LA CIMA,Puebla,Puebla,
la-concepcion-351,LA CONCEPCION,Puebla,Puebla,
la-concepcion-1597,LA CONCEPCION,Puebla,Puebla,
la-concepcion-447,LA CONCEPCION,Puebla,Puebla,
la-concepcion-buena-vista-1388,LA CONCEPCION BUENA VISTA,Puebla,Puebla,
la-condesa-467,LA CONDESA,Puebla,Puebla,
ladrillera-de-benitez-19,LADRILLERA DE BENITEZ,Puebla,Puebla,
la-escondida-1335,LA ESCONDIDA,Puebla,Puebla,
la-estancia-1056,LA ESTANCIA,Puebla,Puebla,
la-fe-rdcial-1727,LA FE RDCIAL,Puebla,Puebla,
la-flor-1750,LA FLOR,Puebla,Puebla,
la-fortuna-1756,LA FORTUNA,Puebla,Puebla,
la-fortuna-1432,LA FORTUNA,Puebla,Puebla,
la-fortuna-1431,LA FORTUNA,Puebla,Puebla,
la-giralda-920,LA GIRALDA,Puebla,Puebla,
la-gloria-44,LA GLORIA,Puebla,Puebla,
lagos-la-gloria-64,LAGOS LA GLORIA,Puebla,Puebla,
lagos-la-gloria-1555,LAGOS LA GLORIA,Puebla,Puebla,
la-gran-bodega-873,LA GRAN BODEGA,Puebla,Puebla,
la-gran-tenochtitlan-1048,LA GRAN TENOCHTITLAN,Puebla,Puebla,
la-guadalupana-626,LA GUADALUPANA,Puebla,Puebla,
la-guadalupana-ciudad-de-puebla-510,LA GUADALUPANA CIUDAD DE PUEBLA,Puebla,Puebla,
la-guadalupana-ii-1512,LA GUADALUPANA II,Puebla,Puebla,
lagulena-1566,LAGULENA,Puebla,Puebla,
la-hacienda-0,LA HACIENDA,Puebla,Puebla,
la-herradura-842,LA HERRADURA,Puebla,Puebla,
la-herradura-1354,LA HERRADURA,Puebla,Puebla,
la-herradura-1343,LA HERRADURA,Puebla,Puebla,
la-isla-1-1148,LA ISLA 1,Puebla,Puebla,
la-isla-2-1149,LA ISLA 2,Puebla,Puebla,
la-josefina-1578,LA JOSEFINA,Puebla,Puebla,
la-joya-728,LA JOYA,Puebla,Puebla,
la-joya-1207,LA JOYA,Puebla,Puebla,
la-joya-1202,LA JOYA,Puebla,Puebla,
la-joya-875,LA JOYA,Puebla,Puebla,
la-joyita-613,LA JOYITA,Puebla,Puebla,
la-ladrillera-848,LA LADRILLERA,Puebla,Puebla,
la-libertad-725,LA LIBERTAD,Puebla,Puebla,
la-loma-152,LA LOMA,Puebla,Puebla,
la-loma-1250,LA LOMA,Puebla,Puebla,
la-loma-1442,LA LOMA,Puebla,Puebla,
la-loma-218,LA LOMA,Puebla,Puebla,
la-loma-zavaleta-o-col-lomas-de-zavaleta-1328,LA LOMA ZAVALETA O COL LOMAS DE ZAVALETA,Puebla,Puebla,
la-luna-705,LA LUNA,Puebla,Puebla,
la-luz-33,LA LUZ,Puebla,Puebla,
la-margarita-879,LA MARGARITA,Puebla,Puebla,
la-maria-1117,LA MARIA,Puebla,Puebla,
la-mesa-412-1220,LA MESA 412,Puebla,Puebla,
la-mezza-1601,LA MEZZA,Puebla,Puebla,
la-mision-771,LA MISION,Puebla,Puebla,
la-mora-129,LA MORA,Puebla,Puebla,
la-moraleja-1666,LA MORALEJA,Puebla,Puebla,
la-nopalera-977,LA NOPALERA,Puebla,Puebla,
la-noria-1485,LA NORIA,Puebla,Puebla,
la-palma-1102,LA PALMA,Puebla,Puebla,
la-paz-214,LA PAZ,Puebla,Puebla,
la-pedrera---2a-seccion-rancho-colorado-715,LA PEDRERA - 2a SECCION RANCHO COLORADO,Puebla,Puebla,
la-perla-952,LA PERLA,Puebla,Puebla,
la-pradera---2a-seccion-rancho-colorado-716,LA PRADERA - 2a SECCION RANCHO COLORADO,Puebla,Puebla,
la-providencia-1341,LA PROVIDENCIA,Puebla,Puebla,
la-providencia(las-vegas)-637,LA PROVIDENCIA(LAS VEGAS),Puebla,Puebla,
la-purisima-1182,LA PURISIMA,Puebla,Puebla,
la-purisima-588,LA PURISIMA,Puebla,Puebla,
la-purisima-(barr-san-miguel-tonantzintla)-476,LA PURISIMA (BARR SAN MIGUEL TONANTZINTLA),Puebla,Puebla,
lares-san-alfonso-444,LARES SAN ALFONSO,Puebla,Puebla,
la-resurreccion-315,LA RESURRECCION,Puebla,Puebla,
la-rioja-512,LA RIOJA,Puebla,Puebla,
la-rivera-1365,LA RIVERA,Puebla,Puebla,
la-robleda-1298,LA ROBLEDA,Puebla,Puebla,
la-rosa-270,LA ROSA,Puebla,Puebla,
las-alamedas-(conjunto-alamos)-1312,LAS ALAMEDAS (CONJUNTO ALAMOS),Puebla,Puebla,
las-alamedas-(conjunto-fresno)-742,LAS ALAMEDAS (CONJUNTO FRESNO),Puebla,Puebla,
las-animas-1459,LAS ANIMAS,Puebla,Puebla,
las-animas-360,LAS ANIMAS,Puebla,Puebla,
la-santisima-567,LA SANTISIMA,Puebla,Puebla,
las-aves-380,LAS AVES,Puebla,Puebla,
las-brisas-5,LAS BRISAS,Puebla,Puebla,
las-carmelitas-417,LAS CARMELITAS,Puebla,Puebla,
la-scatola-(-veneto-)-1029,LA SCATOLA ( VENETO ),Puebla,Puebla,
las-chinampas-1192,LAS CHINAMPAS,Puebla,Puebla,
las-cuartillas-726,LAS CUARTILLAS,Puebla,Puebla,
las-dunas-1058,LAS DUNAS,Puebla,Puebla,
la-serenisima-1709,LA SERENISIMA,Puebla,Puebla,
las-fuentes-557,LAS FUENTES,Puebla,Puebla,
las-fuentes-1231,LAS FUENTES,Puebla,Puebla,
las-galvias-1288,LAS GALVIAS,Puebla,Puebla,
las-glorias-133,LAS GLORIAS,Puebla,Puebla,
las-hadas-1286,LAS HADAS,Puebla,Puebla,
las-hadas---mundial-mexico-86-100,LAS HADAS - MUNDIAL MEXICO 86,Puebla,Puebla,
las-huertas-192,LAS HUERTAS,Puebla,Puebla,
las-magnolias-223,LAS MAGNOLIAS,Puebla,Puebla,
las-marias-1200,LAS MARIAS,Puebla,Puebla,
las-mercedes-1290,LAS MERCEDES,Puebla,Puebla,
las-mercedes-690,LAS MERCEDES,Puebla,Puebla,
las-mercedes-ii-628,LAS MERCEDES II,Puebla,Puebla,
las-orquideas-1416,LAS ORQUIDEAS,Puebla,Puebla,
las-palmas-79,LAS PALMAS,Puebla,Puebla,
las-palmas-1054,LAS PALMAS,Puebla,Puebla,
las-palomas-residencial-831,LAS PALOMAS RESIDENCIAL,Puebla,Puebla,
las-posas-737,LAS POSAS,Puebla,Puebla,
las-rozas-1034,LAS ROZAS,Puebla,Puebla,
las-sinfonias-1361,LAS SINFONIAS,Puebla,Puebla,
las-sinfonias-ii-1375,LAS SINFONIAS II,Puebla,Puebla,
las-sonatas-768,LAS SONATAS,Puebla,Puebla,
las-torres-398,LAS TORRES,Puebla,Puebla,
las-torres-1313,LAS TORRES,Puebla,Puebla,
las-torres-1046,LAS TORRES,Puebla,Puebla,
las-trancas-860,LAS TRANCAS,Puebla,Puebla,
las-vigas-residencial-1370,LAS VIGAS RESIDENCIAL,Puebla,Puebla,
latania-1060,LATANIA,Puebla,Puebla,
la-tarjeta-20,LA TARJETA,Puebla,Puebla,
la-vega-53,LA VEGA,Puebla,Puebla,
la-victoria-431,LA VICTORIA,Puebla,Puebla,
la-vista-country-club-1455,LA VISTA COUNTRY CLUB,Puebla,Puebla,
la-vista-norte-818,LA VISTA NORTE,Puebla,Puebla,
lazaro-cardenas-564,LAZARO CARDENAS,Puebla,Puebla,
lazaro-cardenas-1154,LAZARO CARDENAS,Puebla,Puebla,
lazaro-cardenas-52,LAZARO CARDENAS,Puebla,Puebla,
lazaro-cardenas-oriente-139,LAZARO CARDENAS ORIENTE,Puebla,Puebla,
leobardo-coca-cabrera-387,LEOBARDO COCA CABRERA,Puebla,Puebla,
libertad-tecola-679,LIBERTAD TECOLA,Puebla,Puebla,
loma-alta-vista-1178,LOMA ALTA VISTA,Puebla,Puebla,
loma-bonita-caleras-215,LOMA BONITA CALERAS,Puebla,Puebla,
loma-bonita-sur-462,LOMA BONITA SUR,Puebla,Puebla,
loma-de-zavaleta-1369,LOMA DE ZAVALETA,Puebla,Puebla,
loma-encantada-423,LOMA ENCANTADA,Puebla,Puebla,
loma-encantada--3a-seccion-xilotzoni-230,LOMA ENCANTADA -3A SECCION XILOTZONI,Puebla,Puebla,
loma-linda-775,LOMA LINDA,Puebla,Puebla,
loma-linda-115,LOMA LINDA,Puebla,Puebla,
loma-real-618,LOMA REAL,Puebla,Puebla,
lomas-5-de-mayo-268,LOMAS 5 DE MAYO,Puebla,Puebla,
lomas-cruz-del-sur-1025,LOMAS CRUZ DEL SUR,Puebla,Puebla,
lomas-cruz-del-sur-ii-1114,LOMAS CRUZ DEL SUR II,Puebla,Puebla,
lomas-de-angelopolis-773,LOMAS DE ANGELOPOLIS,Puebla,Puebla,
lomas-de-angelopolis-ii-1049,LOMAS DE ANGELOPOLIS II,Puebla,Puebla,
lomas-de-atoyac-1783,LOMAS DE ATOYAC,Puebla,Puebla,
lomas-de-atoyac-1781,LOMAS DE ATOYAC,Puebla,Puebla,
lomas-de-castillotla-1534,LOMAS DE CASTILLOTLA,Puebla,Puebla,
lomas-de-chapultepec-1113,LOMAS DE CHAPULTEPEC,Puebla,Puebla,
lomas-del-carmen-1325,LOMAS DEL CARMEN,Puebla,Puebla,
lomas-del-club-de-golf-1460,LOMAS DEL CLUB DE GOLF,Puebla,Puebla,
lomas-del-marmol-seccion-i-1491,LOMAS DEL MARMOL SECCION I,Puebla,Puebla,
lomas-del-marmol-seccion-ii-731,LOMAS DEL MARMOL SECCION II,Puebla,Puebla,
lomas-del-marmol-seccion-iii-1230,LOMAS DEL MARMOL SECCION III,Puebla,Puebla,
lomas-de-loreto-274,LOMAS DE LORETO,Puebla,Puebla,
lomas-del-pedregal-1096,LOMAS DEL PEDREGAL,Puebla,Puebla,
lomas-del-sol-1a-seccion-135,LOMAS DEL SOL 1a SECCION,Puebla,Puebla,
lomas-del-sol-2a-seccion-1074,LOMAS DEL SOL 2a SECCION,Puebla,Puebla,
lomas-del-sol-3a-seccion-653,LOMAS DEL SOL 3a SECCION,Puebla,Puebla,
lomas-del-sur-395,LOMAS DEL SUR,Puebla,Puebla,
lomas-del-valle-880,LOMAS DEL VALLE,Puebla,Puebla,
lomas-de-mayorazgo-934,LOMAS DE MAYORAZGO,Puebla,Puebla,
lomas-de-san-alfonso-103,LOMAS DE SAN ALFONSO,Puebla,Puebla,
lomas-de-san-jeronimo-197,LOMAS DE SAN JERONIMO,Puebla,Puebla,
lomas-de-san-miguel-956,LOMAS DE SAN MIGUEL,Puebla,Puebla,
lomas-de-san-ramon-1765,LOMAS DE SAN RAMON,Puebla,Puebla,
lomas-de-san-salvador-tepexco-560,LOMAS DE SAN SALVADOR TEPEXCO,Puebla,Puebla,
lomas-de-santa-catarina-1326,LOMAS DE SANTA CATARINA,Puebla,Puebla,
lomas-de-san-valentin-1778,LOMAS DE SAN VALENTIN,Puebla,Puebla,
lomas-de-toscana-a-1586,LOMAS DE TOSCANA A,Puebla,Puebla,
lomas-de-toscana-b-1585,LOMAS DE TOSCANA B,Puebla,Puebla,
lomas-de-villa-satelite-752,LOMAS DE VILLA SATELITE,Puebla,Puebla,
lomas-de-xilotzoni-227,LOMAS DE XILOTZONI,Puebla,Puebla,
lomas-flor-del-bosque-335,LOMAS FLOR DEL BOSQUE,Puebla,Puebla,
loreto-979,LORETO,Puebla,Puebla,
los-alamos-73,LOS ALAMOS,Puebla,Puebla,
los-alcanfores-988,LOS ALCANFORES,Puebla,Puebla,
los-alcatraces-1392,LOS ALCATRACES,Puebla,Puebla,
los-angeles-784,LOS ANGELES,Puebla,Puebla,
los-angeles-barranca-honda-232,LOS ANGELES BARRANCA HONDA,Puebla,Puebla,
los-angeles-mayorazgo-382,LOS ANGELES MAYORAZGO,Puebla,Puebla,
los-angeles-tetela-687,LOS ANGELES TETELA,Puebla,Puebla,
los-arcos-1332,LOS ARCOS,Puebla,Puebla,
los-arrayanes-1393,LOS ARRAYANES,Puebla,Puebla,
los-arrayanes-1353,LOS ARRAYANES,Puebla,Puebla,
los-caballos-1063,LOS CABALLOS,Puebla,Puebla,
los-caballos-685,LOS CABALLOS,Puebla,Puebla,
los-ca├▒averales-1035,LOS CA├æAVERALES,Puebla,Puebla,
los-cantaros-414,LOS CANTAROS,Puebla,Puebla,
los-cantiles-763,LOS CANTILES,Puebla,Puebla,
los-cipreses-1064,LOS CIPRESES,Puebla,Puebla,
los-cipreses-58,LOS CIPRESES,Puebla,Puebla,
los-cipreses-1557,LOS CIPRESES,Puebla,Puebla,
los-cipreses-754,LOS CIPRESES,Puebla,Puebla,
los-cipreses-216,LOS CIPRESES,Puebla,Puebla,
los-colorines-225,LOS COLORINES,Puebla,Puebla,
los-electricistas-62,LOS ELECTRICISTAS,Puebla,Puebla,
los-encinos-1367,LOS ENCINOS,Puebla,Puebla,
los-encinos-312,LOS ENCINOS,Puebla,Puebla,
los-faisanes-ii-987,LOS FAISANES II,Puebla,Puebla,
los-girasoles-858,LOS GIRASOLES,Puebla,Puebla,
los-girasoles-1563,LOS GIRASOLES,Puebla,Puebla,
los-heroes-puebla-1239,LOS HEROES PUEBLA,Puebla,Puebla,
los-heroes-puebla-740,LOS HEROES PUEBLA,Puebla,Puebla,
los-idolos-147,LOS IDOLOS,Puebla,Puebla,
los-jazmines-224,LOS JAZMINES,Puebla,Puebla,
los-laureles-340,LOS LAURELES,Puebla,Puebla,
los-limones-1211,LOS LIMONES,Puebla,Puebla,
los-naranjos-1766,LOS NARANJOS,Puebla,Puebla,
los-naranjos-1576,LOS NARANJOS,Puebla,Puebla,
los-olivos-1556,LOS OLIVOS,Puebla,Puebla,
los-pilares-4,LOS PILARES,Puebla,Puebla,
los-pinitos-669,LOS PINITOS,Puebla,Puebla,
los-pinos-530,LOS PINOS,Puebla,Puebla,
los-pinos-219,LOS PINOS,Puebla,Puebla,
los-pinos-282,LOS PINOS,Puebla,Puebla,
los-pinos-i-542,LOS PINOS I,Puebla,Puebla,
los-pinos-ii-532,LOS PINOS II,Puebla,Puebla,
los-pinos-mayorazgo-(san-jose-los-pinos)-410,LOS PINOS MAYORAZGO (SAN JOSE LOS PINOS),Puebla,Puebla,
los-potrillos-686,LOS POTRILLOS,Puebla,Puebla,
los-remedios-34,LOS REMEDIOS,Puebla,Puebla,
los-reyes-635,LOS REYES,Puebla,Puebla,
los-rosales-332,LOS ROSALES,Puebla,Puebla,
los-sabinos-1588,LOS SABINOS,Puebla,Puebla,
los-sapos-865,LOS SAPOS,Puebla,Puebla,
los-sauces-221,LOS SAUCES,Puebla,Puebla,
los-tenores-661,LOS TENORES,Puebla,Puebla,
los-viveros-1134,LOS VIVEROS,Puebla,Puebla,
los-volcanes-1351,LOS VOLCANES,Puebla,Puebla,
loto-1730,LOTO,Puebla,Puebla,
luis-n-morones-502,LUIS N MORONES,Puebla,Puebla,
lumaha-1072,LUMAHA,Puebla,Puebla,
lumbreras-de-amalucan-1167,LUMBRERAS DE AMALUCAN,Puebla,Puebla,
luxtown-residence-1658,LUXTOWN RESIDENCE,Puebla,Puebla,
luz-del-alba-266,LUZ DEL ALBA,Puebla,Puebla,
luz-obrera-18,LUZ OBRERA,Puebla,Puebla,
lyra-1306,LYRA,Puebla,Puebla,
maestro-federal-112,MAESTRO FEDERAL,Puebla,Puebla,
magisterial-chapulco-811,MAGISTERIAL CHAPULCO,Puebla,Puebla,
magisterial-periferico-sur-710,MAGISTERIAL PERIFERICO SUR,Puebla,Puebla,
magisterial-san-jose-xilotzingo-871,MAGISTERIAL SAN JOSE XILOTZINGO,Puebla,Puebla,
magnolias-991,MAGNOLIAS,Puebla,Puebla,
magnolias-1067,MAGNOLIAS,Puebla,Puebla,
malintzi-291,MALINTZI,Puebla,Puebla,
mallorca-park-1515,MALLORCA PARK,Puebla,Puebla,
manuel-rivera-anaya-304,MANUEL RIVERA ANAYA,Puebla,Puebla,
manzanilla-290,MANZANILLA,Puebla,Puebla,
maravillas-287,MARAVILLAS,Puebla,Puebla,
marbella-1482,MARBELLA,Puebla,Puebla,
marbella-1696,MARBELLA,Puebla,Puebla,
maria-auxiliadora-1573,MARIA AUXILIADORA,Puebla,Puebla,
maria-jose-1516,MARIA JOSE,Puebla,Puebla,
maria-luisa-1429,MARIA LUISA,Puebla,Puebla,
maria-luisa-13,MARIA LUISA,Puebla,Puebla,
marsella-1668,MARSELLA,Puebla,Puebla,
martires-del-trabajo-248,MARTIRES DEL TRABAJO,Puebla,Puebla,
maserati-1532,MASERATI,Puebla,Puebla,
matlacueye-1547,MATLACUEYE,Puebla,Puebla,
mayaquen-o-la-viga-1277,MAYAQUEN O LA VIGA,Puebla,Puebla,
mayorazgo-406,MAYORAZGO,Puebla,Puebla,
mayorazgo---col-el-mayorazgo-1443,MAYORAZGO - COL EL MAYORAZGO,Puebla,Puebla,
mayra-855,MAYRA,Puebla,Puebla,
mediterraneo-975,MEDITERRANEO,Puebla,Puebla,
metropolitan-gabriel-pastor-1687,METROPOLITAN GABRIEL PASTOR,Puebla,Puebla,
mexico-83-164,MEXICO 83,Puebla,Puebla,
michatenco-1734,MICHATENCO,Puebla,Puebla,
miguel-aleman-258,MIGUEL ALEMAN,Puebla,Puebla,
miguel-e-abed-36,MIGUEL E ABED,Puebla,Puebla,
miguel-hidalgo-657,MIGUEL HIDALGO,Puebla,Puebla,
miguel-negrete-999,MIGUEL NEGRETE,Puebla,Puebla,
milenium-840,MILENIUM,Puebla,Puebla,
militar-el-chamizal-47,MILITAR EL CHAMIZAL,Puebla,Puebla,
milo-552,MILO,Puebla,Puebla,
minerales-de-guadalupe-sur-464,MINERALES DE GUADALUPE SUR,Puebla,Puebla,
mirador-san-jose-1632,MIRADOR SAN JOSE,Puebla,Puebla,
miravalle-646,MIRAVALLE,Puebla,Puebla,
mision-del-mayorazgo-699,MISION DEL MAYORAZGO,Puebla,Puebla,
mision-de-morillotla-1657,MISION DE MORILLOTLA,Puebla,Puebla,
mision-de-san-francisco-948,MISION DE SAN FRANCISCO,Puebla,Puebla,
mision-de-san-martinito-1413,MISION DE SAN MARTINITO,Puebla,Puebla,
mision-san-jose-seccion-2-1633,MISION SAN JOSE SECCION 2,Puebla,Puebla,
mision-san-jose-seccion-3-1638,MISION SAN JOSE SECCION 3,Puebla,Puebla,
moctezuma-1754,MOCTEZUMA,Puebla,Puebla,
moctezuma-1755,MOCTEZUMA,Puebla,Puebla,
molinos-de-enmedio-385,MOLINOS DE ENMEDIO,Puebla,Puebla,
molinos-de-santo-domingo-554,MOLINOS DE SANTO DOMINGO,Puebla,Puebla,
molino-viejo-1371,MOLINO VIEJO,Puebla,Puebla,
momosa-1382,MOMOSA,Puebla,Puebla,
monserrath-843,MONSERRATH,Puebla,Puebla,
monte-alban-778,MONTE ALBAN,Puebla,Puebla,
montecarlo-1655,MONTECARLO,Puebla,Puebla,
monte-real-1704,MONTE REAL,Puebla,Puebla,
mora-1266,MORA,Puebla,Puebla,
moratilla-209,MORATILLA,Puebla,Puebla,
morelos-82,MORELOS,Puebla,Puebla,
morillotla-1378,MORILLOTLA,Puebla,Puebla,
morillotla-1418,MORILLOTLA,Puebla,Puebla,
motolinia-28,MOTOLINIA,Puebla,Puebla,
mui-hogar-santo-tomas-1711,MUI HOGAR SANTO TOMAS,Puebla,Puebla,
mui-hogar-santo-tomas-2-1712,MUI HOGAR SANTO TOMAS 2,Puebla,Puebla,
mui-hogar-santo-tomas-3-1737,MUI HOGAR SANTO TOMAS 3,Puebla,Puebla,
naciones-unidas-153,NACIONES UNIDAS,Puebla,Puebla,
natum-36-1740,NATUM 36,Puebla,Puebla,
navarra-1514,NAVARRA,Puebla,Puebla,
nducha-casa-del-agua-rdcial-1294,NDUCHA CASA DEL AGUA RDCIAL,Puebla,Puebla,
nezahualcoyotl-1198,NEZAHUALCOYOTL,Puebla,Puebla,
noche-buena-314,NOCHE BUENA,Puebla,Puebla,
novena-1183,NOVENA,Puebla,Puebla,
novena-1656,NOVENA,Puebla,Puebla,
nubes-de-zavaleta-1427,NUBES DE ZAVALETA,Puebla,Puebla,
nueva-antequera-354,NUEVA ANTEQUERA,Puebla,Puebla,
nueva-aurora-101,NUEVA AURORA,Puebla,Puebla,
nueva-aurora-caleras-783,NUEVA AURORA CALERAS,Puebla,Puebla,
nueva-del-carmen-372,NUEVA DEL CARMEN,Puebla,Puebla,
nueva-democracia-1779,NUEVA DEMOCRACIA,Puebla,Puebla,
nueva-florida(jorge-murad-2da-seccion)-168,NUEVA FLORIDA(JORGE MURAD 2DA SECCION),Puebla,Puebla,
nueva-resurreccion-656,NUEVA RESURRECCION,Puebla,Puebla,
nueva-san-salvador(rancho-san-jose-aparicio)-165,NUEVA SAN SALVADOR(RANCHO SAN JOSE APARICIO),Puebla,Puebla,
nuevo-amanecer-357,NUEVO AMANECER,Puebla,Puebla,
nuevo-milenio-633,NUEVO MILENIO,Puebla,Puebla,
nuevo-paraiso-180,NUEVO PARAISO,Puebla,Puebla,
nuevo-plan-de-ayala-520,NUEVO PLAN DE AYALA,Puebla,Puebla,
oasis-358,OASIS,Puebla,Puebla,
obreros-independientes-norte-7,OBREROS INDEPENDIENTES NORTE,Puebla,Puebla,
obreros-independientes-sur-538,OBREROS INDEPENDIENTES SUR,Puebla,Puebla,
obrero-y-campesina-277,OBRERO Y CAMPESINA,Puebla,Puebla,
o-colonia-los-volcanes-367,O COLONIA LOS VOLCANES,Puebla,Puebla,
o-col-popular-castillotla-408,O COL POPULAR CASTILLOTLA,Puebla,Puebla,
ocotlan-976,OCOTLAN,Puebla,Puebla,
octava-1126,OCTAVA,Puebla,Puebla,
ofarril-362,OFARRIL,Puebla,Puebla,
o-fracc-san-jose-vista-hermosa-355,O FRACC SAN JOSE VISTA HERMOSA,Puebla,Puebla,
ojocotlalcol(ojocotlan)-839,OJOCOTLALCOL(OJOCOTLAN),Puebla,Puebla,
oliva-rdcial-1724,OLIVA RDCIAL,Puebla,Puebla,
orion-1305,ORION,Puebla,Puebla,
orion-1210,ORION,Puebla,Puebla,
orquideas-1604,ORQUIDEAS,Puebla,Puebla,
orquideas-1232,ORQUIDEAS,Puebla,Puebla,
orquideas-1628,ORQUIDEAS,Puebla,Puebla,
orquideas-998,ORQUIDEAS,Puebla,Puebla,
oviedo-1042,OVIEDO,Puebla,Puebla,
oyametl-1281,OYAMETL,Puebla,Puebla,
palma-sola-1430,PALMA SOLA,Puebla,Puebla,
palmilla-1260,PALMILLA,Puebla,Puebla,
paraiso-970,PARAISO,Puebla,Puebla,
paraiso-del-angel-caleras-205,PARAISO DEL ANGEL CALERAS,Puebla,Puebla,
parian-967,PARIAN,Puebla,Puebla,
parma-1236,PARMA,Puebla,Puebla,
parque-de-la-plata-1039,PARQUE DE LA PLATA,Puebla,Puebla,
parque-forestal-flor-del-bosque-801,PARQUE FORESTAL FLOR DEL BOSQUE,Puebla,Puebla,
parque-industrial-5-de-mayo-186,PARQUE INDUSTRIAL 5 DE MAYO,Puebla,Puebla,
parque-rdcial-loreta-1583,PARQUE RDCIAL LORETA,Puebla,Puebla,
parque-sicilia-1584,PARQUE SICILIA,Puebla,Puebla,
parque-terranova-1040,PARQUE TERRANOVA,Puebla,Puebla,
parque-veneto-992,PARQUE VENETO,Puebla,Puebla,
paseo-de-campania-1213,PASEO DE CAMPANIA,Puebla,Puebla,
paseo-de-la-arboledas-i-899,PASEO DE LA ARBOLEDAS I,Puebla,Puebla,
paseo-de-la-arboledas-ii-900,PASEO DE LA ARBOLEDAS II,Puebla,Puebla,
paseo-del-angel-1497,PASEO DEL ANGEL,Puebla,Puebla,
paseo-del-bosque-1003,PASEO DEL BOSQUE,Puebla,Puebla,
paseo-de-los-encinos-1203,PASEO DE LOS ENCINOS,Puebla,Puebla,
paseo-de-los-volcanes-s-n-t-e-451,PASEO DE LOS VOLCANES S N T E,Puebla,Puebla,
paseos-de-castillotla-434,PASEOS DE CASTILLOTLA,Puebla,Puebla,
paseos-de-los-volcanes-796,PASEOS DE LOS VOLCANES,Puebla,Puebla,
paseos-del-rio-488,PASEOS DEL RIO,Puebla,Puebla,
paseos-de-san-andres-1310,PASEOS DE SAN ANDRES,Puebla,Puebla,
paseo-zavaleta-1477,PASEO ZAVALETA,Puebla,Puebla,
patria-nueva-1571,PATRIA NUEVA,Puebla,Puebla,
patriotismo-14,PATRIOTISMO,Puebla,Puebla,
paulina-529,PAULINA,Puebla,Puebla,
pavorreales-residencial-eleganza-1008,PAVORREALES RESIDENCIAL ELEGANZA,Puebla,Puebla,
pedregal-de-guadalupe-hidalgo-1631,PEDREGAL DE GUADALUPE HIDALGO,Puebla,Puebla,
pedregal-de-la-calera-819,PEDREGAL DE LA CALERA,Puebla,Puebla,
pedregal-santo-domingo-222,PEDREGAL SANTO DOMINGO,Puebla,Puebla,
perisur-698,PERISUR,Puebla,Puebla,
piedras-negras-1259,PIEDRAS NEGRAS,Puebla,Puebla,
pino-suarez-1649,PINO SUAREZ,Puebla,Puebla,
piracanto-983,PIRACANTO,Puebla,Puebla,
plan-de-ayala-241,PLAN DE AYALA,Puebla,Puebla,
playas-del-sur-463,PLAYAS DEL SUR,Puebla,Puebla,
plaza-bugambilias-954,PLAZA BUGAMBILIAS,Puebla,Puebla,
plaza-europa-15,PLAZA EUROPA,Puebla,Puebla,
plaza-loreto-665,PLAZA LORETO,Puebla,Puebla,
plazas-de-amalucan-326,PLAZAS DE AMALUCAN,Puebla,Puebla,
plazas-de-guadalupe-276,PLAZAS DE GUADALUPE,Puebla,Puebla,
plazas-de-san-pablo-509,PLAZAS DE SAN PABLO,Puebla,Puebla,
plazuela-san-jose-636,PLAZUELA SAN JOSE,Puebla,Puebla,
plazuelas-de-san-bernardino-905,PLAZUELAS DE SAN BERNARDINO,Puebla,Puebla,
pontevedra-1398,PONTEVEDRA,Puebla,Puebla,
popular-coatepec-420,POPULAR COATEPEC,Puebla,Puebla,
popular-emiliano-zapata-407,POPULAR EMILIANO ZAPATA,Puebla,Puebla,
porta-nova-945,PORTA NOVA,Puebla,Puebla,
posadas-86,POSADAS,Puebla,Puebla,
poza-rica-1261,POZA RICA,Puebla,Puebla,
prados-agua-azul-376,PRADOS AGUA AZUL,Puebla,Puebla,
prados-del-sur-1223,PRADOS DEL SUR,Puebla,Puebla,
predio-santuario-1242,PREDIO SANTUARIO,Puebla,Puebla,
predio-santuario-1243,PREDIO SANTUARIO,Puebla,Puebla,
presidente-adolfo-lopez-mateos-487,PRESIDENTE ADOLFO LOPEZ MATEOS,Puebla,Puebla,
primera-794,PRIMERA,Puebla,Puebla,
privada-6-1669,PRIVADA 6,Puebla,Puebla,
privada-maria-117-1517,PRIVADA MARIA 117,Puebla,Puebla,
privado-san-jose-del-puente-198,PRIVADO SAN JOSE DEL PUENTE,Puebla,Puebla,
privanza-78,PRIVANZA,Puebla,Puebla,
privanza-(-cluster-666-)-932,PRIVANZA ( CLUSTER 666 ),Puebla,Puebla,
propiedad-privada-1445,PROPIEDAD PRIVADA,Puebla,Puebla,
propiedad-privada-1465,PROPIEDAD PRIVADA,Puebla,Puebla,
puebla-267,PUEBLA,Puebla,Puebla,
puebla-2000-289,PUEBLA 2000,Puebla,Puebla,
puebla-a-1-militar-673,PUEBLA A-1 MILITAR,Puebla,Puebla,
puebla-blanca-1043,PUEBLA BLANCA,Puebla,Puebla,
puebla-textil-396,PUEBLA TEXTIL,Puebla,Puebla,
puente-bravo-1127,PUENTE BRAVO,Puebla,Puebla,
puente-la-santisima-1036,PUENTE LA SANTISIMA,Puebla,Puebla,
puerta-de-hierro-60,PUERTA DE HIERRO,Puebla,Puebla,
puerta-paraiso-1458,PUERTA PARAISO,Puebla,Puebla,
puerta-san-rafael-985,PUERTA SAN RAFAEL,Puebla,Puebla,
punta-del-cielo-residencial-1109,PUNTA DEL CIELO RESIDENCIAL,Puebla,Puebla,
punta-del-sol-1524,PUNTA DEL SOL,Puebla,Puebla,
punta-escarlata-1613,PUNTA ESCARLATA,Puebla,Puebla,
punta-real-1769,PUNTA REAL,Puebla,Puebla,
quartier-san-marino-1196,QUARTIER SAN MARINO,Puebla,Puebla,
quartier-san-marino-1436,QUARTIER SAN MARINO,Puebla,Puebla,
quartier-san-xavier-1519,QUARTIER SAN XAVIER,Puebla,Puebla,
quetzalcoatl-91,QUETZALCOATL,Puebla,Puebla,
quetzalcoatl-1a-seccion-1569,QUETZALCOATL 1a SECCION,Puebla,Puebla,
quetzalcoatl-2a-seccion-1572,QUETZALCOATL 2a SECCION,Puebla,Puebla,
quetzalli-o-ex-hda-santa-teresa-642,QUETZALLI o EX HDA SANTA TERESA,Puebla,Puebla,
quinta-791,QUINTA,Puebla,Puebla,
quinta-alhelies-1623,QUINTA ALHELIES,Puebla,Puebla,
quinta-atzala-683,QUINTA ATZALA,Puebla,Puebla,
quintas-de-angelopolis-499,QUINTAS DE ANGELOPOLIS,Puebla,Puebla,
quintas-del-bosque-la-calera-919,QUINTAS DEL BOSQUE LA CALERA,Puebla,Puebla,
quintas-de-morillotla-1391,QUINTAS DE MORILLOTLA,Puebla,Puebla,
quintas-san-andres-1744,QUINTAS SAN ANDRES,Puebla,Puebla,
rancho-actipan-1073,RANCHO ACTIPAN,Puebla,Puebla,
rancho-azcarate--azcarate-32,RANCHO AZCARATE- AZCARATE,Puebla,Puebla,
rancho-chapulco-806,RANCHO CHAPULCO,Puebla,Puebla,
rancho-el-pochote-1132,RANCHO EL POCHOTE,Puebla,Puebla,
rancho-guadalupe-174,RANCHO GUADALUPE,Puebla,Puebla,
rancho-las-cruces-1700,RANCHO LAS CRUCES,Puebla,Puebla,
rancho-san-martinito-1602,RANCHO SAN MARTINITO,Puebla,Puebla,
rancho-san-miguel-1425,RANCHO SAN MIGUEL,Puebla,Puebla,
rancho-vaquerias-412,RANCHO VAQUERIAS,Puebla,Puebla,
rdcial-mira-1303,RDCIAL MIRA,Puebla,Puebla,
rdcial-naia-1670,RDCIAL NAIA,Puebla,Puebla,
rdcial-palermo-556,RDCIAL PALERMO,Puebla,Puebla,
rdcial-palmas-1463,RDCIAL PALMAS,Puebla,Puebla,
real-atzala-1061,REAL ATZALA,Puebla,Puebla,
real-campestre-1157,REAL CAMPESTRE,Puebla,Puebla,
real-de-castillotla-(felipe-carrillo-puerto)-433,REAL DE CASTILLOTLA (FELIPE CARRILLO PUERTO),Puebla,Puebla,
real-de-cholula-575,REAL DE CHOLULA,Puebla,Puebla,
real-de-florencia-1394,REAL DE FLORENCIA,Puebla,Puebla,
real-de-guadalupe-181,REAL DE GUADALUPE,Puebla,Puebla,
real-del-bosque-951,REAL DEL BOSQUE,Puebla,Puebla,
real-del-lago-1770,REAL DEL LAGO,Puebla,Puebla,
real-del-monte-85,REAL DEL MONTE,Puebla,Puebla,
real-del-pedregal-824,REAL DEL PEDREGAL,Puebla,Puebla,
real-de-morillotla-1366,REAL DE MORILLOTLA,Puebla,Puebla,
real-de-san-andres-1625,REAL DE SAN ANDRES,Puebla,Puebla,
real-de-san-antonio-889,REAL DE SAN ANTONIO,Puebla,Puebla,
real-de-san-gregorio-492,REAL DE SAN GREGORIO,Puebla,Puebla,
real-de-san-pedro-1385,REAL  DE SAN PEDRO,Puebla,Puebla,
real-de-santa-clara-1146,REAL DE SANTA CLARA,Puebla,Puebla,
real-de-santa-clara-i-1284,REAL DE SANTA CLARA I,Puebla,Puebla,
real-de-santa-clara-ii-1283,REAL DE SANTA CLARA II,Puebla,Puebla,
real-de-zavaleta-1376,REAL DE ZAVALETA,Puebla,Puebla,
real-zavaleta-1404,REAL ZAVALETA,Puebla,Puebla,
reforma-207,REFORMA,Puebla,Puebla,
reforma-agua-azul-375,REFORMA AGUA AZUL,Puebla,Puebla,
reforma-sur-246,REFORMA SUR,Puebla,Puebla,
regina-851,REGINA,Puebla,Puebla,
renacimiento-280,RENACIMIENTO,Puebla,Puebla,
residencial-albatros-1732,RESIDENCIAL ALBATROS,Puebla,Puebla,
residencial-arboledas-del-pedregal-1268,RESIDENCIAL ARBOLEDAS DEL PEDREGAL,Puebla,Puebla,
residencial-arboles-del-paraiso-826,RESIDENCIAL ARBOLES DEL PARAISO,Puebla,Puebla,
residencial-arboradas-angeles-1044,RESIDENCIAL ARBORADAS ANGELES,Puebla,Puebla,
residencial-boulevares-377,RESIDENCIAL BOULEVARES,Puebla,Puebla,
residencial-campestre-el-paraiso-202,RESIDENCIAL CAMPESTRE EL PARAISO,Puebla,Puebla,
residencial-cedros-1009,RESIDENCIAL CEDROS,Puebla,Puebla,
residencial-del-parque-1079,RESIDENCIAL DEL PARQUE,Puebla,Puebla,
residencial-diamante-1-1251,RESIDENCIAL DIAMANTE 1,Puebla,Puebla,
residencial-diamante-la-calera-834,RESIDENCIAL DIAMANTE LA CALERA,Puebla,Puebla,
residencial-el-barreal-864,RESIDENCIAL EL BARREAL,Puebla,Puebla,
residencial-el-exito-1090,RESIDENCIAL EL EXITO,Puebla,Puebla,
residencial-guadalupe-937,RESIDENCIAL GUADALUPE,Puebla,Puebla,
residencial-la-encomienda-de-la-noria-827,RESIDENCIAL LA ENCOMIENDA DE LA NORIA,Puebla,Puebla,
residencial-lomas-del-angel-815,RESIDENCIAL LOMAS DEL ANGEL,Puebla,Puebla,
residencial-los-fuertes-281,RESIDENCIAL LOS FUERTES,Puebla,Puebla,
residencial-prados-del-sur-1010,RESIDENCIAL PRADOS DEL SUR,Puebla,Puebla,
residencial-puebla-12,RESIDENCIAL PUEBLA,Puebla,Puebla,
residencial-rincon-anzures-627,RESIDENCIAL RINCON ANZURES,Puebla,Puebla,
residencial-san-miguel-756,RESIDENCIAL SAN MIGUEL,Puebla,Puebla,
residencial-santa-maria-156,RESIDENCIAL SANTA MARIA,Puebla,Puebla,
residencial-santa-rosa-1634,RESIDENCIAL SANTA ROSA,Puebla,Puebla,
residencial-santa-rosa-1001,RESIDENCIAL SANTA ROSA,Puebla,Puebla,
residencial-torres-de-las-animas-838,RESIDENCIAL TORRES DE LAS ANIMAS,Puebla,Puebla,
residencial-zavaleta-1338,RESIDENCIAL ZAVALETA,Puebla,Puebla,
resurgimiento-atotonilco-1677,RESURGIMIENTO ATOTONILCO,Puebla,Puebla,
resurgimiento-ciudad-norte-37,RESURGIMIENTO CIUDAD NORTE,Puebla,Puebla,
resurreccion-296,RESURRECCION,Puebla,Puebla,
revolucion-mexicana-160,REVOLUCION MEXICANA,Puebla,Puebla,
rinconada-1140,RINCONADA,Puebla,Puebla,
rinconada-amparo-1229,RINCONADA AMPARO,Puebla,Puebla,
rinconada-atlixcayotl-1299,RINCONADA ATLIXCAYOTL,Puebla,Puebla,
rinconada-de-atzala-823,RINCONADA DE ATZALA,Puebla,Puebla,
rinconada-de-la-fortuna-1304,RINCONADA DE LA FORTUNA,Puebla,Puebla,
rinconada-de-la-fortuna-2-1406,RINCONADA DE LA FORTUNA 2,Puebla,Puebla,
rinconada-del-bosque-832,RINCONADA DEL BOSQUE,Puebla,Puebla,
rinconada-de-morillotla-1233,RINCONADA DE MORILLOTLA,Puebla,Puebla,
rinconada-de-morillotla-1379,RINCONADA DE MORILLOTLA,Puebla,Puebla,
rinconada-de-san-andres-822,RINCONADA DE SAN ANDRES,Puebla,Puebla,
rinconada-de-santa-cruz-545,RINCONADA DE SANTA CRUZ,Puebla,Puebla,
rinconada-la-rioja-1302,RINCONADA LA RIOJA,Puebla,Puebla,
rinconada-las-animas-1083,RINCONADA LAS ANIMAS,Puebla,Puebla,
rinconada-las-torres-935,RINCONADA LAS TORRES,Puebla,Puebla,
rinconada-los-arcos-652,RINCONADA LOS ARCOS,Puebla,Puebla,
rinconada-los-arcos-ii-506,RINCONADA LOS ARCOS II,Puebla,Puebla,
rinconada-los-gallos-1078,RINCONADA LOS GALLOS,Puebla,Puebla,
rinconada-san-rafael-841,RINCONADA SAN RAFAEL,Puebla,Puebla,
rinconada-santa-fe-1295,RINCONADA SANTA FE,Puebla,Puebla,
rinconada-sur-oriente-1440,RINCONADA SUR ORIENTE,Puebla,Puebla,
rincon-arboledas-1444,RINCON ARBOLEDAS,Puebla,Puebla,
rincon-colonial-santa-cecilia-(santa-cecilia)-1424,RINCON COLONIAL SANTA CECILIA (SANTA CECILIA),Puebla,Puebla,
rincon-de-angeles-1308,RINCON DE ANGELES,Puebla,Puebla,
rincon-de-atlixcayotl-1006,RINCON DE ATLIXCAYOTL,Puebla,Puebla,
rincon-de-atzala-1386,RINCON DE ATZALA,Puebla,Puebla,
rincon-de-la-cruz-1714,RINCON DE LA CRUZ,Puebla,Puebla,
rincon-de-la-paz-349,RINCON DE LA PAZ,Puebla,Puebla,
rincon-de-las-americas-845,RINCON DE LAS AMERICAS,Puebla,Puebla,
rincon-de-las-animas-359,RINCON DE LAS ANIMAS,Puebla,Puebla,
rincon-del-bosque-251,RINCON DEL BOSQUE,Puebla,Puebla,
rincon-de-loreto-1195,RINCON DE LORETO,Puebla,Puebla,
rincon-de-los-cipreses-902,RINCON DE LOS CIPRESES,Puebla,Puebla,
rincon-de-los-olivos-1017,RINCON DE LOS OLIVOS,Puebla,Puebla,
rincon-de-los-reyes-774,RINCON DE LOS REYES,Puebla,Puebla,
rincon-de-los-viveros-40,RINCON DE LOS VIVEROS,Puebla,Puebla,
rincon-del-rio-1651,RINCON DEL RIO,Puebla,Puebla,
rincon-de-moratilla-894,RINCON DE MORATILLA,Puebla,Puebla,
rincon-de-morillotla-1415,RINCON DE MORILLOTLA,Puebla,Puebla,
rincon-de-morillotla-1234,RINCON DE MORILLOTLA,Puebla,Puebla,
rincon-de-san-francisco-1023,RINCON DE SAN FRANCISCO,Puebla,Puebla,
rincon-de-san-ignacio-922,RINCON DE SAN IGNACIO,Puebla,Puebla,
rincon-de-san-jose-del-puente-733,RINCON DE SAN JOSE DEL PUENTE,Puebla,Puebla,
rincon-de-san-juan-1559,RINCON DE SAN JUAN,Puebla,Puebla,
rincon-de-san-martinito-1423,RINCON DE SAN MARTINITO,Puebla,Puebla,
rincon-de-zavaleta-1384,RINCON DE ZAVALETA,Puebla,Puebla,
rincon-dorado-1106,RINCON DORADO,Puebla,Puebla,
rincon-dorado-74,RINCON DORADO,Puebla,Puebla,
rincon-dorado-92,RINCON DORADO,Puebla,Puebla,
rincones-de-la-calera-872,RINCONES DE LA CALERA,Puebla,Puebla,
rincones-de-santa-catarina-1019,RINCONES DE SANTA CATARINA,Puebla,Puebla,
rincon-europeo-1428,RINCON EUROPEO,Puebla,Puebla,
rincon-los-amarantos-892,RINCON LOS AMARANTOS,Puebla,Puebla,
rincon-los-cipreses-830,RINCON LOS CIPRESES,Puebla,Puebla,
rincon-real-1197,RINCON REAL,Puebla,Puebla,
rincon-real-1438,RINCON REAL,Puebla,Puebla,
rincon-san-andres-1336,RINCON SAN ANDRES,Puebla,Puebla,
rincon-san-aparicio-692,RINCON SAN APARICIO,Puebla,Puebla,
rio-nilo-1538,RIO NILO,Puebla,Puebla,
rivera-de-aparicio-971,RIVERA DE APARICIO,Puebla,Puebla,
rivera-del-atoyac-1270,RIVERA DEL ATOYAC,Puebla,Puebla,
rivera-de-santiago-347,RIVERA DE SANTIAGO,Puebla,Puebla,
riviera-del-garda-1287,RIVIERA DEL GARDA,Puebla,Puebla,
roble-1-245,ROBLE 1,Puebla,Puebla,
roble-2-244,ROBLE 2,Puebla,Puebla,
roma-161,ROMA,Puebla,Puebla,
romerozotla-1735,ROMEROZOTLA,Puebla,Puebla,
rosas-del-tepeyac-643,ROSAS DEL TEPEYAC,Puebla,Puebla,
rustico-los-cantiles-1589,RUSTICO LOS CANTILES,Puebla,Puebla,
saltepehz-593,SALTEPEHZ,Puebla,Puebla,
san-agustin-524,SAN AGUSTIN,Puebla,Puebla,
san-agustin-813,SAN AGUSTIN,Puebla,Puebla,
san-alejandro-99,SAN ALEJANDRO,Puebla,Puebla,
san-alejandro-98,SAN ALEJANDRO,Puebla,Puebla,
san-alfonso-445,SAN ALFONSO,Puebla,Puebla,
san-andres-610,SAN ANDRES,Puebla,Puebla,
san-andres-820,SAN ANDRES,Puebla,Puebla,
san-andres-576,SAN ANDRES,Puebla,Puebla,
san-andres-1490,SAN ANDRES,Puebla,Puebla,
san-andresito-580,SAN ANDRESITO,Puebla,Puebla,
san-angel-1383,SAN ANGEL,Puebla,Puebla,
san-angel-1785,SAN ANGEL,Puebla,Puebla,
san-angel-1609,SAN ANGEL,Puebla,Puebla,
san-angel-30,SAN ANGEL,Puebla,Puebla,
san-antonio-247,SAN ANTONIO,Puebla,Puebla,
san-antonio-140,SAN ANTONIO,Puebla,Puebla,
san-antonio-1311,SAN ANTONIO,Puebla,Puebla,
san-antonio-abad-658,SAN ANTONIO ABAD,Puebla,Puebla,
san-antonio-cacalotepec-1185,SAN ANTONIO CACALOTEPEC,Puebla,Puebla,
san-antonio-xanenetla-141,SAN ANTONIO XANENETLA,Puebla,Puebla,
san-aparicio-981,SAN APARICIO,Puebla,Puebla,
san-aparicio-166,SAN APARICIO,Puebla,Puebla,
san-baltazar-campeche-729,SAN BALTAZAR CAMPECHE,Puebla,Puebla,
san-baltazar-campeche-(insurgentes-centro)-675,SAN BALTAZAR CAMPECHE (INSURGENTES CENTRO),Puebla,Puebla,
san-baltazar-la-resurreccion-655,SAN BALTAZAR LA RESURRECCION,Puebla,Puebla,
san-baltazar-linda-vista-81,SAN BALTAZAR LINDA VISTA,Puebla,Puebla,
san-baltazar-tetela-1478,SAN BALTAZAR TETELA,Puebla,Puebla,
san-bartolo-421,SAN BARTOLO,Puebla,Puebla,
san-bartolome-853,SAN BARTOLOME,Puebla,Puebla,
san-bernabe-temoxtitla-516,SAN BERNABE TEMOXTITLA,Puebla,Puebla,
san-bernardino-la-trinidad-597,SAN BERNARDINO LA TRINIDAD,Puebla,Puebla,
san-bernardino-tlaxcalancingo-1641,SAN BERNARDINO TLAXCALANCINGO,Puebla,Puebla,
san-bernardo-1330,SAN BERNARDO,Puebla,Puebla,
san-bernardo-104,SAN BERNARDO,Puebla,Puebla,
san-carlos-76,SAN CARLOS,Puebla,Puebla,
san-carlos-925,SAN CARLOS,Puebla,Puebla,
san-cristobal-702,SAN CRISTOBAL,Puebla,Puebla,
san-cristobal-459,SAN CRISTOBAL,Puebla,Puebla,
san-cristobal-tulcingo-caleras-231,SAN CRISTOBAL TULCINGO CALERAS,Puebla,Puebla,
san-diego-584,SAN DIEGO,Puebla,Puebla,
san-diego-1221,SAN DIEGO,Puebla,Puebla,
san-diego-603,SAN DIEGO,Puebla,Puebla,
san-diego-478,SAN DIEGO,Puebla,Puebla,
san-diego-manzanilla-307,SAN DIEGO MANZANILLA,Puebla,Puebla,
san-diego-xochitepec-1011,SAN DIEGO XOCHITEPEC,Puebla,Puebla,
san-esteban-las-aves-308,SAN ESTEBAN LAS AVES,Puebla,Puebla,
san-ezequiel-1610,SAN EZEQUIEL,Puebla,Puebla,
san-felipe-hueyotlipan-106,SAN FELIPE HUEYOTLIPAN,Puebla,Puebla,
san-francisco-415,SAN FRANCISCO,Puebla,Puebla,
san-francisco-252,SAN FRANCISCO,Puebla,Puebla,
san-francisco-acatepec-1186,SAN FRANCISCO ACATEPEC,Puebla,Puebla,
san-francisco-mayorazgo-607,SAN FRANCISCO MAYORAZGO,Puebla,Puebla,
san-francisco-mayorazgo-ii-1738,SAN FRANCISCO MAYORAZGO II,Puebla,Puebla,
san-francisco-residencial-809,SAN FRANCISCO RESIDENCIAL,Puebla,Puebla,
san-francisco-totimehuacan-1103,SAN FRANCISCO TOTIMEHUACAN,Puebla,Puebla,
san-ignacio-1525,SAN IGNACIO,Puebla,Puebla,
san-ildefonso-1407,SAN ILDEFONSO,Puebla,Puebla,
san-isidro-531,SAN ISIDRO,Puebla,Puebla,
san-isidro-buena-vista-1262,SAN ISIDRO BUENA VISTA,Puebla,Puebla,
san-isidro-buenos-aires-477,SAN ISIDRO BUENOS AIRES,Puebla,Puebla,
san-isidro-castillotla-437,SAN ISIDRO CASTILLOTLA,Puebla,Puebla,
san-isidro-castillotla-534,SAN ISIDRO CASTILLOTLA,Puebla,Puebla,
san-isidro-castillotla-535,SAN ISIDRO CASTILLOTLA,Puebla,Puebla,
san-isidro-castillotla-primera-seccion-1549,SAN ISIDRO CASTILLOTLA PRIMERA SECCION,Puebla,Puebla,
san-isidro-castillotla-primera-seccion-1249,SAN ISIDRO CASTILLOTLA PRIMERA SECCION,Puebla,Puebla,
san-jacinto-1749,SAN JACINTO,Puebla,Puebla,
san-jeronimo-107,SAN JERONIMO,Puebla,Puebla,
san-jeronimo-caleras-722,SAN JERONIMO CALERAS,Puebla,Puebla,
san-jorge-689,SAN JORGE,Puebla,Puebla,
san-jorge-127,SAN JORGE,Puebla,Puebla,
san-jorge-ii-904,SAN JORGE II,Puebla,Puebla,
san-jose-915,SAN JOSE,Puebla,Puebla,
san-jose-1024,SAN JOSE,Puebla,Puebla,
san-jose-799,SAN JOSE,Puebla,Puebla,
san-jose-3a-seccion-938,SAN JOSE 3a SECCION,Puebla,Puebla,
san-jose-actipan-1037,SAN JOSE ACTIPAN,Puebla,Puebla,
san-jose-chapulco-1237,SAN JOSE CHAPULCO,Puebla,Puebla,
san-jose-citlaltepetl-51,SAN JOSE CITLALTEPETL,Puebla,Puebla,
san-jose-cuatro-caminos-700,SAN JOSE CUATRO CAMINOS,Puebla,Puebla,
san-jose-de-las-flores-206,SAN JOSE DE LAS FLORES,Puebla,Puebla,
san-jose-del-puente-1015,SAN JOSE  DEL PUENTE,Puebla,Puebla,
san-jose-del-puente-201,SAN JOSE DEL PUENTE,Puebla,Puebla,
san-jose-el-carpintero-631,SAN JOSE EL CARPINTERO,Puebla,Puebla,
san-jose-el-conde-173,SAN JOSE EL CONDE,Puebla,Puebla,
san-jose-el-rincon-678,SAN JOSE EL RINCON,Puebla,Puebla,
san-jose-guadalupe-48,SAN JOSE GUADALUPE,Puebla,Puebla,
san-jose-la-ca├▒ada-233,SAN JOSE LA CA├æADA,Puebla,Puebla,
san-jose-la-laguna-1296,SAN JOSE LA LAGUNA,Puebla,Puebla,
san-jose-los-cerritos-184,SAN JOSE LOS CERRITOS,Puebla,Puebla,
san-jose-maravillas-1350,SAN JOSE MARAVILLAS,Puebla,Puebla,
san-jose-mayorazgo-1348,SAN JOSE MAYORAZGO,Puebla,Puebla,
san-jose-xilotzingo-870,SAN JOSE XILOTZINGO,Puebla,Puebla,
san-jose-xilotzingo-674,SAN JOSE XILOTZINGO,Puebla,Puebla,
san-jose-xilotzingo-623,SAN JOSE XILOTZINGO,Puebla,Puebla,
san-juan-1082,SAN JUAN,Puebla,Puebla,
san-juan-602,SAN JUAN,Puebla,Puebla,
san-juan-942,SAN JUAN,Puebla,Puebla,
san-juan-895,SAN JUAN,Puebla,Puebla,
san-juan-1027,SAN JUAN,Puebla,Puebla,
san-juan-aquiahuac-565,SAN JUAN AQUIAHUAC,Puebla,Puebla,
san-juan-bautista-1789,SAN JUAN BAUTISTA,Puebla,Puebla,
san-juan-bautista-soto-tlaconahuac-1630,SAN JUAN BAUTISTA SOTO TLACONAHUAC,Puebla,Puebla,
san-juan-bosco-413,SAN JUAN BOSCO,Puebla,Puebla,
san-juan-bosco-ii-836,SAN JUAN BOSCO II,Puebla,Puebla,
san-juan-flor-del-bosque-334,SAN JUAN FLOR DEL BOSQUE,Puebla,Puebla,
san-lorenzo-1188,SAN LORENZO,Puebla,Puebla,
san-lorenzo-1570,SAN LORENZO,Puebla,Puebla,
san-luis-1612,SAN LUIS,Puebla,Puebla,
san-luis-1611,SAN LUIS,Puebla,Puebla,
san-luis-gonzaga-1129,SAN LUIS GONZAGA,Puebla,Puebla,
san-luis-tehuiloyocan-1153,SAN LUIS TEHUILOYOCAN,Puebla,Puebla,
san-marcos-1476,SAN MARCOS,Puebla,Puebla,
san-martinito-1462,SAN MARTINITO,Puebla,Puebla,
san-martinito-1703,SAN MARTINITO,Puebla,Puebla,
san-mateo-1052,SAN MATEO,Puebla,Puebla,
san-matias-124,SAN MATIAS,Puebla,Puebla,
san-miguel-496,SAN MIGUEL,Puebla,Puebla,
san-miguel-1608,SAN MIGUEL,Puebla,Puebla,
san-miguel-123,SAN MIGUEL,Puebla,Puebla,
san-miguel-1619,SAN MIGUEL,Puebla,Puebla,
san-miguel-581,SAN MIGUEL,Puebla,Puebla,
san-miguel-479,SAN MIGUEL,Puebla,Puebla,
san-miguel-601,SAN MIGUEL,Puebla,Puebla,
san-miguel-1021,SAN MIGUEL,Puebla,Puebla,
san-miguel-allende-1319,SAN MIGUEL ALLENDE,Puebla,Puebla,
san-miguel-azumiatla-1253,SAN MIGUEL AZUMIATLA,Puebla,Puebla,
san-miguel-canoa-511,SAN MIGUEL CANOA,Puebla,Puebla,
san-miguel-espejo-319,SAN MIGUEL ESPEJO,Puebla,Puebla,
san-miguel-guadalupe-1124,SAN MIGUEL GUADALUPE,Puebla,Puebla,
san-miguel-hueyotlipan-117,SAN MIGUEL HUEYOTLIPAN,Puebla,Puebla,
san-miguel-la-rosa-1356,SAN MIGUEL LA ROSA,Puebla,Puebla,
san-miguel-las-pajaritas-366,SAN MIGUEL LAS PAJARITAS,Puebla,Puebla,
san-miguel-xonacatepec-1156,SAN MIGUEL XONACATEPEC,Puebla,Puebla,
san-miguel-xonacatepec-2da-seccion-317,SAN MIGUEL XONACATEPEC 2da SECCION,Puebla,Puebla,
san-nicolas-cuatepec-1264,SAN NICOLAS CUATEPEC,Puebla,Puebla,
san-pablo-555,SAN PABLO,Puebla,Puebla,
san-pablo-xochimehuacan-1180,SAN PABLO XOCHIMEHUACAN,Puebla,Puebla,
san-pedro-159,SAN PEDRO,Puebla,Puebla,
san-pedro-286,SAN PEDRO,Puebla,Puebla,
san-pedro-1145,SAN PEDRO,Puebla,Puebla,
san-pedro-colomoxco-582,SAN PEDRO COLOMOXCO,Puebla,Puebla,
san-pedro-de-las-flores-440,SAN PEDRO DE LAS FLORES,Puebla,Puebla,
san-pedro-tonantzintla-475,SAN PEDRO TONANTZINTLA,Puebla,Puebla,
san-pedro-zacachimalpa-1479,SAN PEDRO ZACACHIMALPA,Puebla,Puebla,
san-rafael-comac-1151,SAN RAFAEL COMAC,Puebla,Puebla,
san-rafael-comac-1150,SAN RAFAEL COMAC,Puebla,Puebla,
san-rafael-comac-585,SAN RAFAEL COMAC,Puebla,Puebla,
san-rafael-oriente-108,SAN RAFAEL ORIENTE,Puebla,Puebla,
san-rafael-poniente-26,SAN RAFAEL PONIENTE,Puebla,Puebla,
san-ramon-1759,SAN RAMON,Puebla,Puebla,
san-ramon-castillotla-1a-438,SAN RAMON CASTILLOTLA 1a,Puebla,Puebla,
san-ramon-castillotla-2a-439,SAN RAMON CASTILLOTLA 2a,Puebla,Puebla,
san-ramon-castillotla-3-1760,SAN RAMON CASTILLOTLA 3,Puebla,Puebla,
san-ramon-cuarta-seccion-1787,SAN RAMON CUARTA SECCION,Puebla,Puebla,
san-roman-1414,SAN ROMAN,Puebla,Puebla,
san-salvador-592,SAN SALVADOR,Puebla,Puebla,
san-sebastian-341,SAN SEBASTIAN,Puebla,Puebla,
san-sebastian-(consorcio)-320,SAN SEBASTIAN (CONSORCIO),Puebla,Puebla,
san-sebastian-de-aparicio-491,SAN SEBASTIAN DE APARICIO,Puebla,Puebla,
san-sebastian-de-aparicio-243,SAN SEBASTIAN DE APARICIO,Puebla,Puebla,
santa-ana-694,SANTA ANA,Puebla,Puebla,
santa-anita-137,SANTA ANITA,Puebla,Puebla,
santa-barbara-norte-45,SANTA BARBARA NORTE,Puebla,Puebla,
santa-barbara---polideportivo-644,SANTA BARBARA - POLIDEPORTIVO,Puebla,Puebla,
santa-barbara-sur-50,SANTA BARBARA SUR,Puebla,Puebla,
santa-catarina-572,SANTA CATARINA,Puebla,Puebla,
santa-catarina-coatepec-641,SANTA CATARINA COATEPEC,Puebla,Puebla,
santa-cecilia-339,SANTA CECILIA,Puebla,Puebla,
santa-cruz-buena-vista-1327,SANTA CRUZ BUENA VISTA,Puebla,Puebla,
santa-cruz-de-la-amapola-624,SANTA CRUZ DE LA AMAPOLA,Puebla,Puebla,
santa-cruz-guadalupe-1671,SANTA CRUZ GUADALUPE,Puebla,Puebla,
santa-cruz-guadalupe-1136,SANTA CRUZ GUADALUPE,Puebla,Puebla,
santa-cruz-guadalupe-1329,SANTA CRUZ GUADALUPE,Puebla,Puebla,
santa-cruz-guadalupe-1545,SANTA CRUZ GUADALUPE,Puebla,Puebla,
santa-cruz-guadalupe-poniente-1137,SANTA CRUZ GUADALUPE PONIENTE,Puebla,Puebla,
santa-cruz-la-ixtla-664,SANTA CRUZ LA IXTLA,Puebla,Puebla,
santa-cruz-los-angeles-1139,SANTA CRUZ LOS ANGELES,Puebla,Puebla,
santa-cruz-tlapacoyan-980,SANTA CRUZ TLAPACOYAN,Puebla,Puebla,
santa-cruz-xonacatepec-336,SANTA CRUZ XONACATEPEC,Puebla,Puebla,
santa-elena-898,SANTA ELENA,Puebla,Puebla,
santa-elena-1206,SANTA ELENA,Puebla,Puebla,
santa-emma-757,SANTA EMMA,Puebla,Puebla,
santa-fe-1457,SANTA FE,Puebla,Puebla,
santa-fe-1474,SANTA FE,Puebla,Puebla,
santa-gema-1374,SANTA GEMA,Puebla,Puebla,
santa-isabel-693,SANTA ISABEL,Puebla,Puebla,
santa-isabel-1504,SANTA ISABEL,Puebla,Puebla,
santa-julia-668,SANTA JULIA,Puebla,Puebla,
santa-lucia-villa-altamirano-766,SANTA LUCIA VILLA ALTAMIRANO,Puebla,Puebla,
santa-margarita-1169,SANTA MARGARITA,Puebla,Puebla,
santa-maria-194,SANTA MARIA,Puebla,Puebla,
santa-maria-566,SANTA MARIA,Puebla,Puebla,
santa-maria-727,SANTA MARIA,Puebla,Puebla,
santa-maria-acueyecca-1-781,SANTA MARIA ACUEYECCA 1,Puebla,Puebla,
santa-maria-cuaco-611,SANTA MARIA CUACO,Puebla,Puebla,
santa-maria-guadalupe-tecola-677,SANTA MARIA GUADALUPE TECOLA,Puebla,Puebla,
santa-maria-la-calera-868,SANTA MARIA LA CALERA,Puebla,Puebla,
santa-maria-la-calera-835,SANTA MARIA LA CALERA,Puebla,Puebla,
santa-maria-la-rivera-724,SANTA MARIA LA RIVERA,Puebla,Puebla,
santa-maria-tecmanitla-596,SANTA MARIA TECMANITLA,Puebla,Puebla,
santa-maria-tonantzintla-481,SANTA MARIA TONANTZINTLA,Puebla,Puebla,
santa-maria-xinastla-1293,SANTA MARIA XINASTLA,Puebla,Puebla,
santa-maria-xonacatepec-318,SANTA MARIA XONACATEPEC,Puebla,Puebla,
santa-monica-3,SANTA MONICA,Puebla,Puebla,
santa-monica-1315,SANTA MONICA,Puebla,Puebla,
santa-monica-142,SANTA MONICA,Puebla,Puebla,
santa-rita-las-animas-500,SANTA RITA LAS ANIMAS,Puebla,Puebla,
santa-rosa-293,SANTA ROSA,Puebla,Puebla,
santiago-1080,SANTIAGO,Puebla,Puebla,
santiago-589,SANTIAGO,Puebla,Puebla,
santiago-345,SANTIAGO,Puebla,Puebla,
santiago-1081,SANTIAGO,Puebla,Puebla,
santiago-859,SANTIAGO,Puebla,Puebla,
santiago-953,SANTIAGO,Puebla,Puebla,
santiago-949,SANTIAGO,Puebla,Puebla,
santiago-de-los-leones-973,SANTIAGO DE LOS LEONES,Puebla,Puebla,
santiago-de-los-leones-1018,SANTIAGO DE LOS LEONES,Puebla,Puebla,
santiago-de-los-leones-(12-de-diciembre)-1662,SANTIAGO DE LOS LEONES (12 DE DICIEMBRE),Puebla,Puebla,
santiago-de-los-leones-(12-de-diciembre)-1691,SANTIAGO DE LOS LEONES (12 DE DICIEMBRE),Puebla,Puebla,
santiago-de-los-leones-2-1663,SANTIAGO DE LOS LEONES 2,Puebla,Puebla,
santiago-de-los-leones-2-1717,SANTIAGO DE LOS LEONES 2,Puebla,Puebla,
santiago-xicotenco-609,SANTIAGO XICOTENCO,Puebla,Puebla,
santo-domingo-199,SANTO DOMINGO,Puebla,Puebla,
santo-ni├▒o-1071,SANTO NI├æO,Puebla,Puebla,
santorini-1548,SANTORINI,Puebla,Puebla,
santo-tomas-chautla-1104,SANTO TOMAS CHAUTLA,Puebla,Puebla,
san-vicente-1701,SAN VICENTE,Puebla,Puebla,
san-vicente-390,SAN VICENTE,Puebla,Puebla,
san-vicente-ferrer-389,SAN VICENTE FERRER,Puebla,Puebla,
s-a-r-h-xilotzingo-503,S A R H XILOTZINGO,Puebla,Puebla,
seccion-nueva-jerusalen-526,SECCION NUEVA JERUSALEN,Puebla,Puebla,
seda-monsanto-177,SEDA MONSANTO,Puebla,Puebla,
segunda-793,SEGUNDA,Puebla,Puebla,
sendero-del-bosque-1163,SENDERO DEL BOSQUE,Puebla,Puebla,
sendero-del-fresno-1513,SENDERO DEL FRESNO,Puebla,Puebla,
senza-1269,SENZA,Puebla,Puebla,
septima-1125,SEPTIMA,Puebla,Puebla,
sexta-792,SEXTA,Puebla,Puebla,
signoret-322,SIGNORET,Puebla,Puebla,
sin-nombre-869,SIN NOMBRE,Puebla,Puebla,
sirios-1410,SIRIOS,Puebla,Puebla,
s-n-t-e-449,S N T E,Puebla,Puebla,
s-n-t-e-448,S N T E,Puebla,Puebla,
solidaridad-nacional-175,SOLIDARIDAD NACIONAL,Puebla,Puebla,
subestacion-electrica-321,SUBESTACION ELECTRICA,Puebla,Puebla,
s-u-t-e-r-m-425,S U T E R M,Puebla,Puebla,
tabachines-rdcial-1518,TABACHINES RDCIAL,Puebla,Puebla,
tamarindos-rdcial-1581,TAMARINDOS RDCIAL,Puebla,Puebla,
tamesis-1300,TAMESIS,Puebla,Puebla,
tarragona-1399,TARRAGONA,Puebla,Puebla,
tecaxco-1355,TECAXCO,Puebla,Puebla,
tecnologico-162,TECNOLOGICO,Puebla,Puebla,
tecomitlan-1263,TECOMITLAN,Puebla,Puebla,
tepecuitlalpa-619,TEPECUITLALPA,Puebla,Puebla,
tepetzintla-16,TEPETZINTLA,Puebla,Puebla,
tepeyac-285,TEPEYAC,Puebla,Puebla,
tercera-947,TERCERA,Puebla,Puebla,
terita-sur-1653,TERITA SUR,Puebla,Puebla,
terravita-rdcial-1716,TERRAVITA RDCIAL,Puebla,Puebla,
terrazas-de-angelopolis-1511,TERRAZAS DE ANGELOPOLIS,Puebla,Puebla,
terrazas-santa-catarina-138,TERRAZAS SANTA CATARINA,Puebla,Puebla,
terreno-baldio-185,TERRENO BALDIO,Puebla,Puebla,
terreno-de-cultivo-238,TERRENO DE CULTIVO,Puebla,Puebla,
terreno-de-cultivo-984,TERRENO DE CULTIVO,Puebla,Puebla,
terreno-de-cultivo-454,TERRENO DE CULTIVO,Puebla,Puebla,
terreno-de-cultivo-236,TERRENO DE CULTIVO,Puebla,Puebla,
terrenos-de-cultivo-1762,TERRENOS DE CULTIVO,Puebla,Puebla,
texoco-587,TEXOCO,Puebla,Puebla,
tierra-y-libertad-121,TIERRA Y LIBERTAD,Puebla,Puebla,
tlacaelel-1038,TLACAELEL,Puebla,Puebla,
tlanesse-1494,TLANESSE,Puebla,Puebla,
tlanesse-1493,TLANESSE,Puebla,Puebla,
tlaxcalancingo-1621,TLAXCALANCINGO,Puebla,Puebla,
tlaxcalancingo-1620,TLAXCALANCINGO,Puebla,Puebla,
tlaxcalancingo-1469,TLAXCALANCINGO,Puebla,Puebla,
tlaxcalli-1646,TLAXCALLI,Puebla,Puebla,
tlilostos-311,TLILOSTOS,Puebla,Puebla,
toltepec-alamos-331,TOLTEPEC ALAMOS,Puebla,Puebla,
torre-anzures-1580,TORRE ANZURES,Puebla,Puebla,
torre-del-arte-1408,TORRE DEL ARTE,Puebla,Puebla,
torre-fuerte-828,TORRE FUERTE,Puebla,Puebla,
torre-noria-1483,TORRE NORIA,Puebla,Puebla,
torres-475-558,TORRES 475,Puebla,Puebla,
torres-altima-1577,TORRES ALTIMA,Puebla,Puebla,
torres-bosques-1622,TORRES BOSQUES,Puebla,Puebla,
torres-cipres-1241,TORRES CIPRES,Puebla,Puebla,
torres-covadonga-1222,TORRES COVADONGA,Puebla,Puebla,
torres-de-mayorazgo-1191,TORRES DE MAYORAZGO,Puebla,Puebla,
torres-de-mayorazgo-floresta-1536,TORRES DE MAYORAZGO FLORESTA,Puebla,Puebla,
torres-de-plata-(-dargent-towers-)-1467,TORRES DE PLATA ( DARGENT TOWERS ),Puebla,Puebla,
torres-madrid-1498,TORRES MADRID,Puebla,Puebla,
torres-mira-1307,TORRES MIRA,Puebla,Puebla,
torres-veracruz-1562,TORRES VERACRUZ,Puebla,Puebla,
torres-w-1426,TORRES W,Puebla,Puebla,
torre-tamayo-1421,TORRE TAMAYO,Puebla,Puebla,
torre-zavaleta-1488,TORRE ZAVALETA,Puebla,Puebla,
towers-la-vista-1466,TOWERS LA VISTA,Puebla,Puebla,
tres-cerritos-936,TRES CERRITOS,Puebla,Puebla,
tres-cerritos-507,TRES CERRITOS,Puebla,Puebla,
tres-cerritos-o-col-3-cerritos-1274,TRES CERRITOS O COL 3 CERRITOS,Puebla,Puebla,
tres-cruces-876,TRES CRUCES,Puebla,Puebla,
tres-de-mayo-294,TRES DE MAYO,Puebla,Puebla,
triangulo-santa-barbara-1531,TRIANGULO SANTA BARBARA,Puebla,Puebla,
u-e-m-a-c-1273,U E M A C,Puebla,Puebla,
u-hab-militar-25-amalucan-ii-327,U HAB MILITAR  25  AMALUCAN II,Puebla,Puebla,
u-hacienda-santa-fe-940,U HACIENDA SANTA FE,Puebla,Puebla,
unidad-guadalupe-1,UNIDAD GUADALUPE,Puebla,Puebla,
unidad-magisterial-mexico-68-272,UNIDAD MAGISTERIAL MEXICO 68,Puebla,Puebla,
unidad-palma-352,UNIDAD PALMA,Puebla,Puebla,
unidad-san-angel-787,UNIDAD SAN ANGEL,Puebla,Puebla,
unidad-satelite-magisterial-325,UNIDAD SATELITE MAGISTERIAL,Puebla,Puebla,
unidad-y-progreso-786,UNIDAD Y PROGRESO,Puebla,Puebla,
uniko-1620-1108,UNIKO 1620,Puebla,Puebla,
union-890,UNION,Puebla,Puebla,
union-antorchista-522,UNION ANTORCHISTA,Puebla,Puebla,
union-antorchista-1640,UNION ANTORCHISTA,Puebla,Puebla,
universidad-622,UNIVERSIDAD,Puebla,Puebla,
universidad-de-las-americas-(udla)-579,UNIVERSIDAD DE LAS AMERICAS (UDLA),Puebla,Puebla,
universidades-1152,UNIVERSIDADES,Puebla,Puebla,
universidades-tercera-seccion-1598,UNIVERSIDADES TERCERA SECCION,Puebla,Puebla,
universitaria-621,UNIVERSITARIA,Puebla,Puebla,
universitarias-uapep-1016,UNIVERSITARIAS UAPEP,Puebla,Puebla,
uraydah-707,URAYDAH,Puebla,Puebla,
valle-de-anahuac-944,VALLE DE ANAHUAC,Puebla,Puebla,
valle-de-guadalupe-767,VALLE DE GUADALUPE,Puebla,Puebla,
valle-del-angel-88,VALLE DEL ANGEL,Puebla,Puebla,
valle-de-las-flores-306,VALLE DE LAS FLORES,Puebla,Puebla,
valle-del-paraiso-924,VALLE DEL PARAISO,Puebla,Puebla,
valle-del-rey-83,VALLE DEL REY,Puebla,Puebla,
valle-del-sol-874,VALLE DEL SOL,Puebla,Puebla,
valle-del-sur-923,VALLE DEL SUR,Puebla,Puebla,
valle-de-san-ignacio-797,VALLE DE SAN IGNACIO,Puebla,Puebla,
valle-dorado-93,VALLE DORADO,Puebla,Puebla,
valle-real-914,VALLE REAL,Puebla,Puebla,
vento-park-1636,VENTO PARK,Puebla,Puebla,
venustiano-carranza-1045,VENUSTIANO CARRANZA,Puebla,Puebla,
venustiano-carranza-1680,VENUSTIANO CARRANZA,Puebla,Puebla,
veracruz-986,VERACRUZ,Puebla,Puebla,
vereda-residencial-1162,VEREDA RESIDENCIAL,Puebla,Puebla,
vergel-363,VERGEL,Puebla,Puebla,
vergel-de-los-angeles-1086,VERGEL DE LOS ANGELES,Puebla,Puebla,
vesta-1316,VESTA,Puebla,Puebla,
vicente-budib-283,VICENTE BUDIB,Puebla,Puebla,
vicente-suarez-63,VICENTE SUAREZ,Puebla,Puebla,
vicente-suarez-1753,VICENTE SUAREZ,Puebla,Puebla,
victoria-1654,VICTORIA,Puebla,Puebla,
victoria-1635,VICTORIA,Puebla,Puebla,
victor-puebla-1020,VICTOR PUEBLA,Puebla,Puebla,
vidalta-1565,VIDALTA,Puebla,Puebla,
villa-albertina-1089,VILLA ALBERTINA,Puebla,Puebla,
villa-albertina-1764,VILLA ALBERTINA,Puebla,Puebla,
villa-alegre-493,VILLA ALEGRE,Puebla,Puebla,
villa-alegre-671,VILLA ALEGRE,Puebla,Puebla,
villa-bertha-574,VILLA BERTHA,Puebla,Puebla,
villa-blanca-1212,VILLA BLANCA,Puebla,Puebla,
villa-carmel-8,VILLA CARMEL,Puebla,Puebla,
villa-de-los-angeles-1279,VILLA DE LOS ANGELES,Puebla,Puebla,
villa-de-los-angeles-ii-(la-viga)-1285,VILLA DE LOS ANGELES II (LA VIGA),Puebla,Puebla,
villa-del-sur-400,VILLA DEL SUR,Puebla,Puebla,
villa-de-reyes-1093,VILLA DE REYES,Puebla,Puebla,
villa-diamante-167,VILLA DIAMANTE,Puebla,Puebla,
villa-el-encanto-338,VILLA EL ENCANTO,Puebla,Puebla,
villa-el-relicario-670,VILLA EL RELICARIO,Puebla,Puebla,
villa-encantada-378,VILLA ENCANTADA,Puebla,Puebla,
villa-erika-361,VILLA ERIKA,Puebla,Puebla,
villa-escondida-182,VILLA ESCONDIDA,Puebla,Puebla,
villa-everest-617,VILLA EVEREST,Puebla,Puebla,
villa-florencia-373,VILLA FLORENCIA,Puebla,Puebla,
villa-floresta-1278,VILLA FLORESTA,Puebla,Puebla,
villa-frescura-6-y-7-1130,VILLA FRESCURA 6 Y 7,Puebla,Puebla,
villa-frescura-8-616,VILLA FRESCURA 8,Puebla,Puebla,
villa-frescura-9-615,VILLA FRESCURA 9,Puebla,Puebla,
villa-frontera-158,VILLA FRONTERA,Puebla,Puebla,
villa-frontera-172,VILLA FRONTERA,Puebla,Puebla,
villa-futura-571,VILLA FUTURA,Puebla,Puebla,
villa-guadalupe-170,VILLA GUADALUPE,Puebla,Puebla,
villa-karol-119,VILLA KAROL,Puebla,Puebla,
villa-las-flores-96,VILLA LAS FLORES,Puebla,Puebla,
villa-madero-70,VILLA MADERO,Puebla,Puebla,
villa-magna-356,VILLA MAGNA,Puebla,Puebla,
villa-margarita-garcia-179,VILLA MARGARITA GARCIA,Puebla,Puebla,
villa-olimpica-46,VILLA OLIMPICA,Puebla,Puebla,
villa-olimpica-1500,VILLA OLIMPICA,Puebla,Puebla,
villa-paraiso-469,VILLA PARAISO,Puebla,Puebla,
villa-posadas-505,VILLA POSADAS,Puebla,Puebla,
villa-roma-749,VILLA ROMA,Puebla,Puebla,
villas-albertina-1091,VILLAS ALBERTINA,Puebla,Puebla,
villas-amalucan-1160,VILLAS AMALUCAN,Puebla,Puebla,
villas-america-392,VILLAS AMERICA,Puebla,Puebla,
villa-san-alejandro-97,VILLA SAN ALEJANDRO,Puebla,Puebla,
villas-angelopolis-1007,VILLAS ANGELOPOLIS,Puebla,Puebla,
villa-san-rafael-1618,VILLA SAN RAFAEL,Puebla,Puebla,
villas-arkatta-863,VILLAS ARKATTA,Puebla,Puebla,
villas-arqueologicas-de-cholollan-955,VILLAS ARQUEOLOGICAS DE CHOLOLLAN,Puebla,Puebla,
villas-arquitectura-651,VILLAS ARQUITECTURA,Puebla,Puebla,
villa-satelite-la-calera-867,VILLA SATELITE LA CALERA,Puebla,Puebla,
villas-atlixcayotl-1360,VILLAS ATLIXCAYOTL,Puebla,Puebla,
villas-aztlan-570,VILLAS AZTLAN,Puebla,Puebla,
villas-azucenas-1591,VILLAS AZUCENAS,Puebla,Puebla,
villas-bambu-1528,VILLAS BAMBU,Puebla,Puebla,
villas-benavente-931,VILLAS BENAVENTE,Puebla,Puebla,
villas-cristo-rey-862,VILLAS CRISTO REY,Puebla,Puebla,
villas-cruz-del-sur-903,VILLAS CRUZ DEL SUR,Puebla,Puebla,
villas-cuautlancingo-772,VILLAS CUAUTLANCINGO,Puebla,Puebla,
villas-de-atlixco-1362,VILLAS DE ATLIXCO,Puebla,Puebla,
villas-de-castillotla-533,VILLAS DE CASTILLOTLA,Puebla,Puebla,
villas-de-la-calera-881,VILLAS DE LA CALERA,Puebla,Puebla,
villas-del-cristo-1420,VILLAS DEL CRISTO,Puebla,Puebla,
villas-del-encanto-seccion-1---seccion-2-337,VILLAS DEL ENCANTO  SECCION 1 - SECCION 2,Puebla,Puebla,
villas-del-jubilado-snte-secc-51-814,VILLAS DEL JUBILADO SNTE SECC 51,Puebla,Puebla,
villas-del-marquez-171,VILLAS DEL MARQUEZ,Puebla,Puebla,
villas-del-meson-465,VILLAS DEL MESON,Puebla,Puebla,
villas-del-meson-ii-466,VILLAS DEL MESON II,Puebla,Puebla,
villas-de-loreto-972,VILLAS DE LORETO,Puebla,Puebla,
villas-de-loreto-ii-1645,VILLAS DE LORETO II,Puebla,Puebla,
villas-del-pedregal-709,VILLAS DEL PEDREGAL,Puebla,Puebla,
villas-del-rey-736,VILLAS DEL REY,Puebla,Puebla,
villas-del-tratado-926,VILLAS DEL TRATADO,Puebla,Puebla,
villas-del-vergel-1216,VILLAS DEL VERGEL,Puebla,Puebla,
villas-de-romero-833,VILLAS DE ROMERO,Puebla,Puebla,
villas-de-zavaleta-1334,VILLAS DE ZAVALETA,Puebla,Puebla,
villas-de-zavaleta-primera-seccion-1373,VILLAS DE ZAVALETA PRIMERA SECCION,Puebla,Puebla,
villas-el-camino-1437,VILLAS EL CAMINO,Puebla,Puebla,
villas-el-carmen-810,VILLAS EL CARMEN,Puebla,Puebla,
villas-el-encanto-iii-734,VILLAS EL ENCANTO III,Puebla,Puebla,
villas-el-encino-540,VILLAS EL ENCINO,Puebla,Puebla,
villas-el-ensue├▒o-941,VILLAS EL ENSUE├æO,Puebla,Puebla,
villas-el-puente-573,VILLAS EL PUENTE,Puebla,Puebla,
villas-el-refugio-485,VILLAS EL REFUGIO,Puebla,Puebla,
villas-estudiantiles-xochicalli-548,VILLAS ESTUDIANTILES XOCHICALLI,Puebla,Puebla,
villas-genesis-1340,VILLAS GENESIS,Puebla,Puebla,
villas-humboldt-1119,VILLAS HUMBOLDT,Puebla,Puebla,
villas-independencia-897,VILLAS INDEPENDENCIA,Puebla,Puebla,
villas-inglesas-189,VILLAS INGLESAS,Puebla,Puebla,
villas-la-concepcion-1389,VILLAS LA CONCEPCION,Puebla,Puebla,
villas-la-libertad-489,VILLAS LA LIBERTAD,Puebla,Puebla,
villas-la-noria-764,VILLAS LA NORIA,Puebla,Puebla,
villas-la-pedrera-1224,VILLAS LA PEDRERA,Puebla,Puebla,
villas-las-americas-569,VILLAS LAS AMERICAS,Puebla,Puebla,
villas-las-bordas-672,VILLAS LAS BORDAS,Puebla,Puebla,
villas-leonor-741,VILLAS LEONOR,Puebla,Puebla,
villas-los-arcos-1123,VILLAS LOS ARCOS,Puebla,Puebla,
villas-los-cipreses-1252,VILLAS LOS CIPRESES,Puebla,Puebla,
villas-los-encinos-486,VILLAS LOS ENCINOS,Puebla,Puebla,
villas-los-viveros-714,VILLAS LOS VIVEROS,Puebla,Puebla,
villas-magnolias-995,VILLAS MAGNOLIAS,Puebla,Puebla,
villas-manzanilla-1472,VILLAS MANZANILLA,Puebla,Puebla,
villas-manzanilla-495,VILLAS MANZANILLA,Puebla,Puebla,
villas-martha-adriana-iv-1529,VILLAS MARTHA ADRIANA IV,Puebla,Puebla,
villas-monarca-404,VILLAS MONARCA,Puebla,Puebla,
villas-morillotla-1380,VILLAS MORILLOTLA,Puebla,Puebla,
villas-orion-i-1275,VILLAS ORION I,Puebla,Puebla,
villas-orion-ii-1276,VILLAS ORION II,Puebla,Puebla,
villas-periferico-639,VILLAS PERIFERICO,Puebla,Puebla,
villas-periferico-739,VILLAS PERIFERICO,Puebla,Puebla,
villas-real-campestre-1-1159,VILLAS REAL CAMPESTRE 1,Puebla,Puebla,
villas-real-campestre-ii-950,VILLAS REAL CAMPESTRE II,Puebla,Puebla,
villas-real-campestre-iii-1131,VILLAS REAL CAMPESTRE III,Puebla,Puebla,
villas-reales-777,VILLAS REALES,Puebla,Puebla,
villas-rementeria-982,VILLAS REMENTERIA,Puebla,Puebla,
villas-san-antonio-1403,VILLAS SAN ANTONIO,Puebla,Puebla,
villas-san-cristobal-1502,VILLAS SAN CRISTOBAL,Puebla,Puebla,
villas-san-francisco-614,VILLAS SAN FRANCISCO,Puebla,Puebla,
villas-san-francisco-1099,VILLAS SAN FRANCISCO,Puebla,Puebla,
villas-san-francisco-1596,VILLAS SAN FRANCISCO,Puebla,Puebla,
villas-san-francisco-mayorazgo-691,VILLAS SAN FRANCISCO MAYORAZGO,Puebla,Puebla,
villas-san-jose-846,VILLAS SAN JOSE,Puebla,Puebla,
villas-san-sebastian-1721,VILLAS SAN SEBASTIAN,Puebla,Puebla,
villas-santa-catarina-1681,VILLAS SANTA CATARINA,Puebla,Puebla,
villas-terrazas-1144,VILLAS TERRAZAS,Puebla,Puebla,
villa-universitaria-120,VILLA UNIVERSITARIA,Puebla,Puebla,
villa-verde-279,VILLA VERDE,Puebla,Puebla,
villa-verde-857,VILLA VERDE,Puebla,Puebla,
villa-verde-2-856,VILLA VERDE 2,Puebla,Puebla,
vista-alegre-1575,VISTA ALEGRE,Puebla,Puebla,
vista-azul-1147,VISTA AZUL,Puebla,Puebla,
vista-del-arte-rdcial-1422,VISTA DEL ARTE RDCIAL,Puebla,Puebla,
vista-del-valle-1070,VISTA DEL VALLE,Puebla,Puebla,
vista-del-valle-226,VISTA DEL VALLE,Puebla,Puebla,
vista-del-valle-753,VISTA DEL VALLE,Puebla,Puebla,
vista-hermosa-261,VISTA HERMOSA,Puebla,Puebla,
vista-hermosa-393,VISTA HERMOSA,Puebla,Puebla,
vista-hermosa-alamos-329,VISTA HERMOSA ALAMOS,Puebla,Puebla,
vista-laguna-1741,VISTA LAGUNA,Puebla,Puebla,
vista-real-norte-696,VISTA REAL NORTE,Puebla,Puebla,
vista-real-sur-906,VISTA REAL SUR,Puebla,Puebla,
vistas-del-angel-1449,VISTAS DEL ANGEL,Puebla,Puebla,
vistas-del-volcan-1333,VISTAS DEL  VOLCAN,Puebla,Puebla,
vitale-1059,VITALE,Puebla,Puebla,
viveros-1077,VIVEROS,Puebla,Puebla,
viveros-del-valle-299,VIVEROS DEL VALLE,Puebla,Puebla,
viveros-santa-cruz-1133,VIVEROS SANTA CRUZ,Puebla,Puebla,
vive-sur-1777,VIVE SUR,Puebla,Puebla,
volcanes-484,VOLCANES,Puebla,Puebla,
volcanes-515,VOLCANES,Puebla,Puebla,
volcanes-del-sur-450,VOLCANES DEL SUR,Puebla,Puebla,
volcanes-del-sur-fracc-s-n-t-e-514,VOLCANES DEL SUR FRACC S N T E,Puebla,Puebla,
xalpatla-242,XALPATLA,Puebla,Puebla,
xanenetla-249,XANENETLA,Puebla,Puebla,
xaxahuen-964,XAXAHUEN,Puebla,Puebla,
xaxalpa-760,XAXALPA,Puebla,Puebla,
xaxalpa-1550,XAXALPA,Puebla,Puebla,
xaxalpa-guadalupe-482,XAXALPA GUADALUPE,Puebla,Puebla,
xaxalpa-textil-394,XAXALPA TEXTIL,Puebla,Puebla,
xicotzingo-599,XICOTZINGO,Puebla,Puebla,
xilotzingo-927,XILOTZINGO,Puebla,Puebla,
xilotzingo-1503,XILOTZINGO,Puebla,Puebla,
xilotzini-1551,XILOTZINI,Puebla,Puebla,
xonaca-254,XONACA,Puebla,Puebla,
xonacatepec-978,XONACATEPEC,Puebla,Puebla,
yepazotla-295,YEPAZOTLA,Puebla,Puebla,
yuliana-861,YULIANA,Puebla,Puebla,
zamoratla-1726,ZAMORATLA,Puebla,Puebla,
zavaleta-1205,ZAVALETA,Puebla,Puebla,
zavaleta-1390,ZAVALETA,Puebla,Puebla,
zavaleta-(-ex-hda-la-concepcion-buenavista-)-1364,ZAVALETA ( EX HDA LA CONCEPCION BUENAVISTA ),Puebla,Puebla,
zavariotla-1530,ZAVARIOTLA,Puebla,Puebla,
zavariotla-2-1594,ZAVARIOTLA 2,Puebla,Puebla,
zodiaco-391,ZODIACO,Puebla,Puebla,
zona-comercial-angelopolis-1448,ZONA COMERCIAL ANGELOPOLIS,Puebla,Puebla,
zona-comercial-angelopolis-1707,ZONA COMERCIAL ANGELOPOLIS,Puebla,Puebla,
zona-comercial-angelopolis-1708,ZONA COMERCIAL ANGELOPOLIS,Puebla,Puebla,
zona-de-profesores-568,ZONA DE PROFESORES,Puebla,Puebla,
