Código Postal,Asentamiento,Tipo de Asentamiento,Municipio,Estado,Ciudad,
75820,La Calavera,Colonia,Santiago Miahuatlán,Puebla,,
75820,Villa Alegría,Colonia,Santiago Miahuatlán,Puebla,,
75820,San Pedro Villa Alegría,Colonia,Santiago Miahuatlán,Puebla,,
75820,Santa Clara,Colonia,Santiago Miahuatlán,Puebla,,
75820,12 de Diciembre,Colonia,Santiago Miahuatlán,Puebla,,
75820,Santiago Miahuatlán,Pueblo,Santiago Miahuatlán,Puebla,,
72227,15 de Septiembre,Colonia,Puebla,Puebla,Heroica Puebla de Zaragoza,
72230,16 de Septiembre Norte,Colonia,Puebla,Puebla,Heroica Puebla de Zaragoza,
72474,16 de Septiembre Sur,Colonia,Puebla,Puebla,Heroica Puebla de Zaragoza,
72570,22 de Septiembre,Colonia,Puebla,Puebla,Heroica Puebla de Zaragoza,
72710,15 de Septiembre,Colonia,Cuautlancingo,Puebla,,
73909,Primero de Septiembre,Ranchería,Tlatlauquitepec,Puebla,,
74135,Unidad 13 de Septiembre,Colonia,San Salvador el Verde,Puebla,,
72227,6 de Junio,Colonia,Puebla,Puebla,Heroica Puebla de Zaragoza,
72227,8 de Diciembre,Colonia,Puebla,Puebla,Heroica Puebla de Zaragoza,
72040,Rancho Colorado,Colonia,Puebla,Puebla,Heroica Puebla de Zaragoza,
72230,Veinte de Noviembre,Colonia,Puebla,Puebla,Heroica Puebla de Zaragoza,
72980,20 de Noviembre,Colonia,Amozoc,Puebla,Amozoc,
75980,20 de Noviembre,Colonia,Coxcatlán,Puebla,,
72490,2da. Ampliación Guadalupe Hidalgo,Colonia,Puebla,Puebla,Heroica Puebla de Zaragoza,
72495,Ampliación Playas del Sur,Colonia,Puebla,Puebla,Heroica Puebla de Zaragoza,
72380,Dos de Abril,Colonia,Puebla,Puebla,Heroica Puebla de Zaragoza,
72110,2a. Sección Club de Golf las Fuentes,Colonia,Puebla,Puebla,Heroica Puebla de Zaragoza,
72227,Ampliación Rivera de Aparicio Segunda Sección,Colonia,Puebla,Puebla,Heroica Puebla de Zaragoza,
72229,San Miguel Xonacatepec 2da. Sección,Colonia,Puebla,Puebla,Heroica Puebla de Zaragoza,
72267,Arboledas Sección Fuentes,Colonia,Puebla,Puebla,Heroica Puebla de Zaragoza,
72310,Bosques de Amalucan 1ra. Sección,Colonia,Puebla,Puebla,Heroica Puebla de Zaragoza,
72310,Bosques de Amalucan 2da. Sección,Colonia,Puebla,Puebla,Heroica Puebla de Zaragoza,
72350,Rosales 1a. Sección,Colonia,Puebla,Puebla,Heroica Puebla de Zaragoza,
72350,Rosales 2a. Sección,Colonia,Puebla,Puebla,Heroica Puebla de Zaragoza,
72390,El Encinar 1ra. Sección,Colonia,Puebla,Puebla,Heroica Puebla de Zaragoza,
72390,El Encinar 2a. Sección,Colonia,Puebla,Puebla,Heroica Puebla de Zaragoza,
72420,Gabriel Pastor 1a Sección,Colonia,Puebla,Puebla,Heroica Puebla de Zaragoza,
72425,Gabriel Pastor 2a Sección,Colonia,Puebla,Puebla,Heroica Puebla de Zaragoza,
75159,Alhuelica (Sección Quinta de Actipan),Fraccionamiento,Acatzingo,Puebla,,
75205,Primera Sección Santiago Acatlán,Ranchería,Tepeaca,Puebla,,
75320,Primera Sección,Colonia,Huehuetlán el Grande,Puebla,,
75512,Encrucijada Primera Sección,Ranchería,Palmar de Bravo,Puebla,,
75512,Encrucijada Segunda Sección,Ranchería,Palmar de Bravo,Puebla,,
72464,Mateo Sección San José Maravillas,Colonia,Puebla,Puebla,Heroica Puebla de Zaragoza,
75710,Constituyentes 2a Sección,Colonia,Tehuacán,Puebla,Tehuacán,
75710,Constituyentes 3a Sección,Colonia,Tehuacán,Puebla,Tehuacán,
75718,Aeropuerto 2a Sección,Colonia,Tehuacán,Puebla,Tehuacán,
75719,El Edén 2a Sección,Colonia,Tehuacán,Puebla,Tehuacán,
72490,San Ramón 1a Sección,Colonia,Puebla,Puebla,Heroica Puebla de Zaragoza,
72490,San Ramón 2a Sección,Colonia,Puebla,Puebla,Heroica Puebla de Zaragoza,
72490,San Ramón 3a Sección,Colonia,Puebla,Puebla,Heroica Puebla de Zaragoza,
72490,San Ramón 4a Sección,Colonia,Puebla,Puebla,Heroica Puebla de Zaragoza,
72490,Hacienda el Cobre 3a. Sección,Conjunto habitacional,Puebla,Puebla,Heroica Puebla de Zaragoza,
72492,INFONAVIT San Miguel Mayorazgo 1a Sección,Colonia,Puebla,Puebla,Heroica Puebla de Zaragoza,
75740,Del Valle 2a Sección,Colonia,Tehuacán,Puebla,Tehuacán,
75740,Del Valle 3a Sección,Colonia,Tehuacán,Puebla,Tehuacán,
72494,Santa Lucía 4 2da. Sección,Fraccionamiento,Puebla,Puebla,Heroica Puebla de Zaragoza,
72494,Hacienda el Cobre 2a. Sección,Conjunto habitacional,Puebla,Puebla,Heroica Puebla de Zaragoza,
72494,Hacienda San José 3a. Sección,Colonia,Puebla,Puebla,Heroica Puebla de Zaragoza,
72495,Hacienda las Fuentes 2a. Sección,Colonia,Puebla,Puebla,Heroica Puebla de Zaragoza,
72498,Jardines de Castillotla 5a. Sección,Colonia,Puebla,Puebla,Heroica Puebla de Zaragoza,
75763,El Riego 1a Sección,Colonia,Tehuacán,Puebla,Tehuacán,
72498,San Isidro Castillotla Sección A,Colonia,Puebla,Puebla,Heroica Puebla de Zaragoza,
72503,Bandini Sección,Colonia,Puebla,Puebla,Heroica Puebla de Zaragoza,
75790,Nicolás Bravo 3a Sección,Fraccionamiento,Tehuacán,Puebla,Tehuacán,
75796,Nicolás Bravo 2a Sección,Colonia,Tehuacán,Puebla,Tehuacán,
75860,San Antonio Cañada Primera Sección,Colonia,San Antonio Cañada,Puebla,,
75900,Sección Juquilita,Colonia,Vicente Guerrero,Puebla,,
72595,Quetzalcoatl 1a. Sección,Colonia,Puebla,Puebla,Heroica Puebla de Zaragoza,
72595,Quetzalcoatl 2a. Sección,Colonia,Puebla,Puebla,Heroica Puebla de Zaragoza,
72700,Fuentes del Molino Sección Arboledas,Fraccionamiento,Cuautlancingo,Puebla,Cuautlancingo,
72754,Momoxpan 2a Sección,Conjunto habitacional,San Pedro Cholula,Puebla,San Pedro Cholula,
72768,Jardines de San Diego 2da. Sección,Conjunto habitacional,San Pedro Cholula,Puebla,San Pedro Cholula,
72825,Geovillas Santa Clara Sección I y II,Colonia,San Andrés Cholula,Puebla,San Andrés Cholula,
72510,Seis de Enero,Colonia,Puebla,Puebla,Heroica Puebla de Zaragoza,
74053,6 de Enero,Colonia,San Martín Texmelucan,Puebla,San Martín Texmelucan de Labastida,
72813,Acueducto San Román,Fraccionamiento,San Andrés Cholula,Puebla,San Andrés Cholula,
72704,Villas Punta Agaves,Fraccionamiento,Cuautlancingo,Puebla,Cuautlancingo,
72704,Parque Agaves,Fraccionamiento,Cuautlancingo,Puebla,Cuautlancingo,
72825,Agaves Residencial,Fraccionamiento,San Andrés Cholula,Puebla,San Andrés Cholula,
72130,Las Alamedas,Fraccionamiento,Puebla,Puebla,Heroica Puebla de Zaragoza,
72837,Villa Alejandra,Fraccionamiento,San Andrés Cholula,Puebla,San Andrés Cholula,
72070,Nueva Aurora Popular,Colonia,Puebla,Puebla,Heroica Puebla de Zaragoza,
72470,Popular Castillotla,Colonia,Puebla,Puebla,Heroica Puebla de Zaragoza,
72470,Popular Emiliano Zapata,Colonia,Puebla,Puebla,Heroica Puebla de Zaragoza,
72470,Popular Coatepec,Colonia,Puebla,Puebla,Heroica Puebla de Zaragoza,
72764,Cholollan,Fraccionamiento,San Pedro Cholula,Puebla,San Pedro Cholula,
72814,Almanares Cholollan,Unidad habitacional,San Andrés Cholula,Puebla,San Andrés Cholula,
72050,Torres 475,Conjunto habitacional,Puebla,Puebla,Heroica Puebla de Zaragoza,
72490,San Ramón 4a Sección,Colonia,Puebla,Puebla,Heroica Puebla de Zaragoza,
72494,Santa Lucía 4,Fraccionamiento,Puebla,Puebla,Heroica Puebla de Zaragoza,
72494,Santa Lucía 4 2da. Sección,Fraccionamiento,Puebla,Puebla,Heroica Puebla de Zaragoza,
72707,La Cumbre 4,Fraccionamiento,Cuautlancingo,Puebla,Cuautlancingo,
72712,Jardines del Pilar 4,Fraccionamiento,Cuautlancingo,Puebla,,
72994,San Diego Icatepec 4a. Sección,Colonia,Amozoc,Puebla,Amozoc,
75515,Los Reyes Altamira,Ranchería,Palmar de Bravo,Puebla,,
74240,Alta Vista,Colonia,Atlixco,Puebla,Atlixco,
74905,Alta Luz Cuatro Rayas,Pueblo,Ixcaquixtla,Puebla,,
75087,Alta Luz,Ranchería,Quimixtlán,Puebla,,
75147,Alta Luz,Ranchería,Soltepec,Puebla,,
72478,Unidad Alta Vista,Colonia,Puebla,Puebla,Heroica Puebla de Zaragoza,
75750,Zona Alta,Fraccionamiento,Tehuacán,Puebla,Tehuacán,
72830,Alta Vista,Fraccionamiento,San Andrés Cholula,Puebla,San Andrés Cholula,
73300,Loma Alta,Ejido,Chignahuapan,Puebla,,
72080,Del Refugio,Barrio,Puebla,Puebla,Heroica Puebla de Zaragoza,
72495,El Refugio H Viva 2000,Colonia,Puebla,Puebla,Heroica Puebla de Zaragoza,
72495,El Refugio,Conjunto habitacional,Puebla,Puebla,Heroica Puebla de Zaragoza,
72495,Villas del Refugio,Fraccionamiento,Puebla,Puebla,Heroica Puebla de Zaragoza,
72000,San Francisco,Colonia,Puebla,Puebla,Heroica Puebla de Zaragoza,
72014,San Pablo Xochimehuacan,Colonia,Puebla,Puebla,Heroica Puebla de Zaragoza,
72014,San José los Cerritos,Colonia,Puebla,Puebla,Heroica Puebla de Zaragoza,
72016,San José el Conde,Colonia,Puebla,Puebla,Heroica Puebla de Zaragoza,
72016,Villas San Gregorio,Fraccionamiento,Puebla,Puebla,Heroica Puebla de Zaragoza,
72017,Nueva San Salvador,Colonia,Puebla,Puebla,Heroica Puebla de Zaragoza,
72017,Villas San José,Conjunto habitacional,Puebla,Puebla,Heroica Puebla de Zaragoza,
72020,San José Cuatro Caminos,Colonia,Puebla,Puebla,Heroica Puebla de Zaragoza,
72020,San Rafael Oriente,Colonia,Puebla,Puebla,Heroica Puebla de Zaragoza,
72020,San Jerónimo,Fraccionamiento,Puebla,Puebla,Heroica Puebla de Zaragoza,
72029,San Rafael Poniente,Colonia,Puebla,Puebla,Heroica Puebla de Zaragoza,
72030,San Felipe Hueyotlipan,Colonia,Puebla,Puebla,Heroica Puebla de Zaragoza,
72030,Plazuelas San José,Condominio,Puebla,Puebla,Heroica Puebla de Zaragoza,
72040,Villas San Felipe,Colonia,Puebla,Puebla,Heroica Puebla de Zaragoza,
72044,San Bernardo,Fraccionamiento,Puebla,Puebla,Heroica Puebla de Zaragoza,
72044,Plaza San Alberto,Zona comercial,Puebla,Puebla,Heroica Puebla de Zaragoza,
72050,San Miguel Hueyotlipan,Colonia,Puebla,Puebla,Heroica Puebla de Zaragoza,
72070,Plaza San Pedro,Zona comercial,Puebla,Puebla,Heroica Puebla de Zaragoza,
72080,Real de San Antonio,Fraccionamiento,Puebla,Puebla,Heroica Puebla de Zaragoza,
72089,San Antonio,Barrio,Puebla,Puebla,Heroica Puebla de Zaragoza,
72090,Villa San Alejandro,Colonia,Puebla,Puebla,Heroica Puebla de Zaragoza,
72090,San Sebastián,Barrio,Puebla,Puebla,Heroica Puebla de Zaragoza,
72090,San Miguelito,Barrio,Puebla,Puebla,Heroica Puebla de Zaragoza,
72090,San Matías,Barrio,Puebla,Puebla,Heroica Puebla de Zaragoza,
72100,San Cristóbal Tulcingo Caleras,Colonia,Puebla,Puebla,Heroica Puebla de Zaragoza,
72100,San Jerónimo Caleras,Colonia,Puebla,Puebla,Heroica Puebla de Zaragoza,
72100,San José la Cañada,Colonia,Puebla,Puebla,Heroica Puebla de Zaragoza,
72100,Colonial San Jerónimo,Condominio,Puebla,Puebla,Heroica Puebla de Zaragoza,
72100,Del Valle (San Jerónimo Caleras),Unidad habitacional,Puebla,Puebla,Heroica Puebla de Zaragoza,
72103,San Juan,Colonia,Puebla,Puebla,Heroica Puebla de Zaragoza,
72103,Lomas de San Jerónimo,Colonia,Puebla,Puebla,Heroica Puebla de Zaragoza,
72103,Xaxalpa (San Jerónimo),Colonia,Puebla,Puebla,Heroica Puebla de Zaragoza,
72106,San Cristóbal Tulcingo,Colonia,Puebla,Puebla,Heroica Puebla de Zaragoza,
72108,San Juan Tulcingo,Colonia,Puebla,Puebla,Heroica Puebla de Zaragoza,
72110,San José las Flores,Colonia,Puebla,Puebla,Heroica Puebla de Zaragoza,
72120,San José Guadalupe,Colonia,Puebla,Puebla,Heroica Puebla de Zaragoza,
72127,San José Citlaltepetl,Colonia,Puebla,Puebla,Heroica Puebla de Zaragoza,
72130,San Carlos,Fraccionamiento,Puebla,Puebla,Heroica Puebla de Zaragoza,
72150,San José del Puente,Colonia,Puebla,Puebla,Heroica Puebla de Zaragoza,
72150,Rincón San José del Puente,Colonia,Puebla,Puebla,Heroica Puebla de Zaragoza,
72190,San José Vista Hermosa,Colonia,Puebla,Puebla,Heroica Puebla de Zaragoza,
72190,San Miguel la Rosa,Colonia,Puebla,Puebla,Heroica Puebla de Zaragoza,
72200,INFONAVIT San Pedro,Unidad habitacional,Puebla,Puebla,Heroica Puebla de Zaragoza,
72210,San Pedro,Colonia,Puebla,Puebla,Heroica Puebla de Zaragoza,
72219,San Sebastián de Aparicio,Colonia,Puebla,Puebla,Heroica Puebla de Zaragoza,
72227,San José Aparicio,Colonia,Puebla,Puebla,Heroica Puebla de Zaragoza,
72228,INFONAVIT San Aparicio,Colonia,Puebla,Puebla,Heroica Puebla de Zaragoza,
72228,San Aparicio las Fuentes,Colonia,Puebla,Puebla,Heroica Puebla de Zaragoza,
72229,Rancho San Diego,Colonia,Puebla,Puebla,Heroica Puebla de Zaragoza,
72229,San Miguel Xonacatepec,Colonia,Puebla,Puebla,Heroica Puebla de Zaragoza,
72229,Jardines de San José Xonacatepec,Colonia,Puebla,Puebla,Heroica Puebla de Zaragoza,
72229,San Esteban las Aves,Colonia,Puebla,Puebla,Heroica Puebla de Zaragoza,
72229,San Miguel Xonacatepec 2da. Sección,Colonia,Puebla,Puebla,Heroica Puebla de Zaragoza,
72229,Campestre San Isidro,Colonia,Puebla,Puebla,Heroica Puebla de Zaragoza,
72310,Conjunto Habitacional San Andrés,Fraccionamiento,Puebla,Puebla,Heroica Puebla de Zaragoza,
72310,Bosques San Sebastián,Colonia,Puebla,Puebla,Heroica Puebla de Zaragoza,
72310,San Baltazar la Resurrección,Colonia,Puebla,Puebla,Heroica Puebla de Zaragoza,
72310,INFONAVIT Bosques San Sebastían,Unidad habitacional,Puebla,Puebla,Heroica Puebla de Zaragoza,
72314,San Antonio Abad,Colonia,Puebla,Puebla,Heroica Puebla de Zaragoza,
72340,San Luis Gonzaga,Colonia,Puebla,Puebla,Heroica Puebla de Zaragoza,
72350,Unidad San Ángel (San Salvador Ch.),Unidad habitacional,Puebla,Puebla,Heroica Puebla de Zaragoza,
72360,San Juan Flor del Bosque,Colonia,Puebla,Puebla,Heroica Puebla de Zaragoza,
72410,San Miguel Las Pajaritas,Colonia,Puebla,Puebla,Heroica Puebla de Zaragoza,
72450,San José Mayorazgo,Colonia,Puebla,Puebla,Heroica Puebla de Zaragoza,
72460,FOVISSSTE San Roque,Colonia,Puebla,Puebla,Heroica Puebla de Zaragoza,
73226,Amanalco,Colonia,Tlaola,Puebla,,
72735,Liquidambar,Fraccionamiento,Cuautlancingo,Puebla,,
72595,18 de Marzo,Colonia,Puebla,Puebla,Heroica Puebla de Zaragoza,
74053,Expropiación Petrolera 18 de Marzo,Colonia,San Martín Texmelucan,Puebla,San Martín Texmelucan de Labastida,
72498,San Bernabe Temoxtitla,Colonia,Puebla,Puebla,Heroica Puebla de Zaragoza,
72474,Arboledas de Loma Bella,Colonia,Puebla,Puebla,Heroica Puebla de Zaragoza,
72498,Bosques de la Cañada,Colonia,Puebla,Puebla,Heroica Puebla de Zaragoza,
72499,Constitución Mexicana,Colonia,Puebla,Puebla,Heroica Puebla de Zaragoza,
72100,Lomas Coyopotrero,Colonia,Puebla,Puebla,Heroica Puebla de Zaragoza,
72490,San Ramón 1a Sección,Colonia,Puebla,Puebla,Heroica Puebla de Zaragoza,
72490,San Ramón 2a Sección,Colonia,Puebla,Puebla,Heroica Puebla de Zaragoza,
72490,San Ramón 3a Sección,Colonia,Puebla,Puebla,Heroica Puebla de Zaragoza,
72490,San Ramón 4a Sección,Colonia,Puebla,Puebla,Heroica Puebla de Zaragoza,
72496,Lomas de San Ramón,Colonia,Puebla,Puebla,Heroica Puebla de Zaragoza,
72014,El Conde,Unidad habitacional,Puebla,Puebla,Heroica Puebla de Zaragoza,
72014,La Condesa,Colonia,Puebla,Puebla,Heroica Puebla de Zaragoza,
72014,El Conde II,Conjunto habitacional,Puebla,Puebla,Heroica Puebla de Zaragoza,
72016,San José el Conde,Colonia,Puebla,Puebla,Heroica Puebla de Zaragoza,
72016,Guadalupe del Conde,Colonia,Puebla,Puebla,Heroica Puebla de Zaragoza,
72495,Flores del Pedregal,Colonia,Puebla,Puebla,Heroica Puebla de Zaragoza,
72490,Granjas Puebla,Colonia,Puebla,Puebla,Heroica Puebla de Zaragoza,
74300,Guadalupe Hidalgo,Colonia,Nealtican,Puebla,,
75790,Guadalupe Hidalgo,Colonia,Tehuacán,Puebla,Tehuacán,
72490,2da. Ampliación Guadalupe Hidalgo,Colonia,Puebla,Puebla,Heroica Puebla de Zaragoza,
72490,Guadalupe Hidalgo,Colonia,Puebla,Puebla,Heroica Puebla de Zaragoza,
72494,3ra. Ampliación Guadalupe Hidalgo,Colonia,Puebla,Puebla,Heroica Puebla de Zaragoza,
72494,Pedregal de Guadalupe Hidalgo,Colonia,Puebla,Puebla,Heroica Puebla de Zaragoza,
72365,Historiadores,Colonia,Puebla,Puebla,Heroica Puebla de Zaragoza,
75858,Resurección,Colonia,Tehuacán,Puebla,,
72490,Lomas de Castillotla,Colonia,Puebla,Puebla,Heroica Puebla de Zaragoza,
74295,México,Colonia,Atlixco,Puebla,Atlixco,
72017,México 83,Colonia,Puebla,Puebla,Heroica Puebla de Zaragoza,
72014,Miravalle,Colonia,Puebla,Puebla,Heroica Puebla de Zaragoza,
72490,Nueva Democracia,Colonia,Puebla,Puebla,Heroica Puebla de Zaragoza,
72229,Primero de Mayo,Colonia,Puebla,Puebla,Heroica Puebla de Zaragoza,
72200,Revolución Mexicana,Colonia,Puebla,Puebla,Heroica Puebla de Zaragoza,
74330,San Lorenzo,Colonia,Tochimilco,Puebla,,
72595,San Lorenzo,Conjunto habitacional,Puebla,Puebla,Heroica Puebla de Zaragoza,
72595,Santa Catarina,Colonia,Puebla,Puebla,Heroica Puebla de Zaragoza,
72016,Seda Monsanto,Colonia,Puebla,Puebla,Heroica Puebla de Zaragoza,
72990,SIGNORET,Colonia,Amozoc,Puebla,Amozoc,
72219,Los Cerritos,Colonia,Puebla,Puebla,Heroica Puebla de Zaragoza,
72124,Vista Hermosa,Colonia,Puebla,Puebla,Heroica Puebla de Zaragoza,
72190,San José Vista Hermosa,Colonia,Puebla,Puebla,Heroica Puebla de Zaragoza,
72270,Vista Hermosa,Colonia,Puebla,Puebla,Heroica Puebla de Zaragoza,
72320,Álamos Vista Hermosa,Colonia,Puebla,Puebla,Heroica Puebla de Zaragoza,
72470,Vista Hermosa Cd.Sur,Colonia,Puebla,Puebla,Heroica Puebla de Zaragoza,
72070,Quetzalcoatl,Fraccionamiento,Puebla,Puebla,Heroica Puebla de Zaragoza,
72595,Quetzalcoatl 1a. Sección,Colonia,Puebla,Puebla,Heroica Puebla de Zaragoza,
72595,Quetzalcoatl 2a. Sección,Colonia,Puebla,Puebla,Heroica Puebla de Zaragoza,
72106,Los Ángeles Barranca Honda,Colonia,Puebla,Puebla,Heroica Puebla de Zaragoza,
72219,Ángeles de Puebla,Colonia,Puebla,Puebla,Heroica Puebla de Zaragoza,
72227,Bosques de los Ángeles,Colonia,Puebla,Puebla,Heroica Puebla de Zaragoza,
72400,Santa Cruz los Ángeles,Colonia,Puebla,Puebla,Heroica Puebla de Zaragoza,
72440,Los Ángeles Mayorazgo,Colonia,Puebla,Puebla,Heroica Puebla de Zaragoza,
72824,Ángeles de Morillotla,Fraccionamiento,San Andrés Cholula,Puebla,San Andrés Cholula,
72495,La Antorchista,Colonia,Puebla,Puebla,Heroica Puebla de Zaragoza,
72590,Arboledas de San Ignacio,Fraccionamiento,Puebla,Puebla,Heroica Puebla de Zaragoza,
72260,Arboledas Guadalupe,Colonia,Puebla,Puebla,Heroica Puebla de Zaragoza,
72824,Arcángeles de Morillotla,Fraccionamiento,San Andrés Cholula,Puebla,San Andrés Cholula,
72810,Arcángeles Xaltepec,Fraccionamiento,San Andrés Cholula,Puebla,San Andrés Cholula,
72768,Arcoiris,Fraccionamiento,San Pedro Cholula,Puebla,San Pedro Cholula,
72595,Artículo Primero Constitucional,Colonia,Puebla,Puebla,Heroica Puebla de Zaragoza,
72995,Artículo 123,Colonia,Amozoc,Puebla,Amozoc,
72960,El Oasis Valsequillo,Colonia,Puebla,Puebla,,
72193,Corredor Comercial Desarrollo Atlixcayotl,Zona comercial,Puebla,Puebla,Heroica Puebla de Zaragoza,
72820,Reserva Territorial Atlixcayotl,Equipamiento,San Andrés Cholula,Puebla,San Andrés Cholula,
72820,Rincón de Atlixcayotl,Fraccionamiento,San Andrés Cholula,Puebla,San Andrés Cholula,
72825,Rinconada Atlixcayotl,Fraccionamiento,San Andrés Cholula,Puebla,San Andrés Cholula,
72825,Atlixcayotl 2000,Fraccionamiento,San Andrés Cholula,Puebla,San Andrés Cholula,
72835,Geovillas Atlixcayotl la Hacienda,Fraccionamiento,San Andrés Cholula,Puebla,San Andrés Cholula,
72836,Geovillas Atlixcayotl,Fraccionamiento,San Andrés Cholula,Puebla,San Andrés Cholula,
72023,Zona Cementos Atoyac,Equipamiento,Puebla,Puebla,Heroica Puebla de Zaragoza,
72410,Granjas Atoyac,Colonia,Puebla,Puebla,Heroica Puebla de Zaragoza,
72430,Rivera del Atoyac,Colonia,Puebla,Puebla,Heroica Puebla de Zaragoza,
72459,Bosques de Atoyac,Colonia,Puebla,Puebla,Heroica Puebla de Zaragoza,
72490,Lomas de Atoyac,Colonia,Puebla,Puebla,Heroica Puebla de Zaragoza,
74590,Atzala,Pueblo,Atzala,Puebla,,
72503,Bandini Sección,Colonia,Puebla,Puebla,Heroica Puebla de Zaragoza,
72814,Residencial Barrio Real,Fraccionamiento,San Andrés Cholula,Puebla,San Andrés Cholula,
72100,El Boscaje,Fraccionamiento,Puebla,Puebla,Heroica Puebla de Zaragoza,
72310,Bosques de Amalucan,Colonia,Puebla,Puebla,Heroica Puebla de Zaragoza,
72310,Bosques de Amalucan 1ra. Sección,Colonia,Puebla,Puebla,Heroica Puebla de Zaragoza,
72310,Bosques de Amalucan 2da. Sección,Colonia,Puebla,Puebla,Heroica Puebla de Zaragoza,
72597,Bosques de Chapultepec,Fraccionamiento,Puebla,Puebla,Heroica Puebla de Zaragoza,
72520,Héroes de Puebla,Colonia,Puebla,Puebla,Heroica Puebla de Zaragoza,
72590,Bosques de los Héroes,Conjunto habitacional,Puebla,Puebla,Heroica Puebla de Zaragoza,
72494,Pedregal de Guadalupe Hidalgo,Colonia,Puebla,Puebla,Heroica Puebla de Zaragoza,
72495,Flores del Pedregal,Colonia,Puebla,Puebla,Heroica Puebla de Zaragoza,
72495,Villas del Pedregal,Colonia,Puebla,Puebla,Heroica Puebla de Zaragoza,
72523,Lomas del Pedregal,Fraccionamiento,Puebla,Puebla,Heroica Puebla de Zaragoza,
72103,Pedregal de Santo Domingo,Colonia,Puebla,Puebla,Heroica Puebla de Zaragoza,
72350,Pedregal,Colonia,Puebla,Puebla,Heroica Puebla de Zaragoza,
72150,Bosques de Zavaleta,Fraccionamiento,Puebla,Puebla,Heroica Puebla de Zaragoza,
72227,Bosques de Santa Anita,Colonia,Puebla,Puebla,Heroica Puebla de Zaragoza,
72227,Bosques de los Ángeles,Colonia,Puebla,Puebla,Heroica Puebla de Zaragoza,
72229,Galaxia Bosques de Manzanilla,Colonia,Puebla,Puebla,Heroica Puebla de Zaragoza,
72229,Ampliación Bosques de Santa Anita,Fraccionamiento,Puebla,Puebla,Heroica Puebla de Zaragoza,
72307,Bosques de Manzanilla,Colonia,Puebla,Puebla,Heroica Puebla de Zaragoza,
72310,Bosques de Amalucan,Colonia,Puebla,Puebla,Heroica Puebla de Zaragoza,
72310,Bosques de Amalucan 1ra. Sección,Colonia,Puebla,Puebla,Heroica Puebla de Zaragoza,
72310,Bosques de Amalucan 2da. Sección,Colonia,Puebla,Puebla,Heroica Puebla de Zaragoza,
72453,Bosques de Angelopolis,Fraccionamiento,Puebla,Puebla,Heroica Puebla de Zaragoza,
72459,Bosques de Atoyac,Colonia,Puebla,Puebla,Heroica Puebla de Zaragoza,
75052,Santa Cruz Buena Vista la Capilla,Ranchería,Tlachichuca,Puebla,,
75560,Buena Vista (Colonia Nueva),Colonia,Esperanza,Puebla,,
75588,Buena Vista,Pueblo,Cañada Morelos,Puebla,,
75922,Buena Vista,Ranchería,Eloxochitlán,Puebla,,
73025,Buena Vista,Ranchería,Pantepec,Puebla,,
73173,Santiago (Buena Vista),Fraccionamiento,Huauchinango,Puebla,Huauchinango,
75947,Buena Vista de Cuauhtémoc,Ranchería,San Sebastián Tlacotepec,Puebla,,
73509,Santa Cruz Buena Vista,Ranchería,Tenampulco,Puebla,,
73697,San José Buena Vista,Barrio,Zacapoaxtla,Puebla,,
73902,Buena Vista,Ranchería,Tlatlauquitepec,Puebla,,
73905,Buena Vista,Ranchería,Tlatlauquitepec,Puebla,,
72490,Cabañas de Santa María,Colonia,Puebla,Puebla,Heroica Puebla de Zaragoza,
72499,Cabañas del Lago,Fraccionamiento,Puebla,Puebla,Heroica Puebla de Zaragoza,
72494,Concepción Sur,Colonia,Puebla,Puebla,Heroica Puebla de Zaragoza,
72115,Campestre del Bosque,Fraccionamiento,Puebla,Puebla,Heroica Puebla de Zaragoza,
72595,Campestre del Valle,Colonia,Puebla,Puebla,Heroica Puebla de Zaragoza,
72813,Campestre Morillotla,Fraccionamiento,San Andrés Cholula,Puebla,San Andrés Cholula,
72100,Campestre Covadonga,Fraccionamiento,Puebla,Puebla,Heroica Puebla de Zaragoza,
72115,Campestre del Bosque,Fraccionamiento,Puebla,Puebla,Heroica Puebla de Zaragoza,
72150,Campestre el Paraíso,Colonia,Puebla,Puebla,Heroica Puebla de Zaragoza,
72229,Campestre San Isidro,Colonia,Puebla,Puebla,Heroica Puebla de Zaragoza,
72310,Villas Real Campestre,Fraccionamiento,Puebla,Puebla,Heroica Puebla de Zaragoza,
72310,Villas Real Campestre III,Fraccionamiento,Puebla,Puebla,Heroica Puebla de Zaragoza,
72310,Real Campestre,Fraccionamiento,Puebla,Puebla,Heroica Puebla de Zaragoza,
72310,Villas Real Campestre II,Conjunto habitacional,Puebla,Puebla,Heroica Puebla de Zaragoza,
72468,Campestre Mayorazgo,Colonia,Puebla,Puebla,Heroica Puebla de Zaragoza,
72100,Los Cipreses,Colonia,Puebla,Puebla,Heroica Puebla de Zaragoza,
72114,Los Cipreses,Fraccionamiento,Puebla,Puebla,Heroica Puebla de Zaragoza,
72150,Cipreses Zavaleta,Colonia,Puebla,Puebla,Heroica Puebla de Zaragoza,
72464,Rincón de los Cipreses I,Conjunto habitacional,Puebla,Puebla,Heroica Puebla de Zaragoza,
72480,Cipreses de Mayorazgo,Fraccionamiento,Puebla,Puebla,Heroica Puebla de Zaragoza,
72490,Rincón de los Cipreses,Fraccionamiento,Puebla,Puebla,Heroica Puebla de Zaragoza,
72530,El Carmen,Colonia,Puebla,Puebla,Heroica Puebla de Zaragoza,
72534,Carmen Huexotitla,Colonia,Puebla,Puebla,Heroica Puebla de Zaragoza,
72470,INFONAVIT El Carmen (Gastronómicos),Unidad habitacional,Puebla,Puebla,Heroica Puebla de Zaragoza,
72470,Villas del Carmen,Conjunto habitacional,Puebla,Puebla,Heroica Puebla de Zaragoza,
72495,Carmen Serdán,Colonia,Puebla,Puebla,Heroica Puebla de Zaragoza,
72410,Nueva del Carmen,Colonia,Puebla,Puebla,Heroica Puebla de Zaragoza,
72823,Los Cedros,Conjunto habitacional,San Andrés Cholula,Puebla,San Andrés Cholula,
73784,Los Cedros,Fraccionamiento,Libres,Puebla,,
72019,Central de Abastos,Zona comercial,Puebla,Puebla,Heroica Puebla de Zaragoza,
75200,Central de Abastos,Colonia,Tepeaca,Puebla,Tepeaca,
72000,Puebla Centro,Colonia,Puebla,Puebla,Heroica Puebla de Zaragoza,
72120,Centro Cruz del Sur,Zona comercial,Puebla,Puebla,Heroica Puebla de Zaragoza,
72400,Las Ánimas Centro Comercial,Zona comercial,Puebla,Puebla,Heroica Puebla de Zaragoza,
72460,Centro Comercial Puebla,Zona comercial,Puebla,Puebla,Heroica Puebla de Zaragoza,
72595,Los Caballos,Colonia,Puebla,Puebla,Heroica Puebla de Zaragoza,
72823,Los Caballos,Colonia,San Andrés Cholula,Puebla,San Andrés Cholula,
72824,Cerrada Los Caballos,Fraccionamiento,San Andrés Cholula,Puebla,San Andrés Cholula,
72310,Arboledas de Amalucan,Colonia,Puebla,Puebla,Heroica Puebla de Zaragoza,
72310,INFONAVIT Amalucan,Unidad habitacional,Puebla,Puebla,Heroica Puebla de Zaragoza,
72310,Plazas Amalucan,Colonia,Puebla,Puebla,Heroica Puebla de Zaragoza,
72310,Bosques de Amalucan,Colonia,Puebla,Puebla,Heroica Puebla de Zaragoza,
72310,Lumbreras de Amalucan (Jardines),Colonia,Puebla,Puebla,Heroica Puebla de Zaragoza,
72310,Bosques de Amalucan 1ra. Sección,Colonia,Puebla,Puebla,Heroica Puebla de Zaragoza,
72310,Bosques de Amalucan 2da. Sección,Colonia,Puebla,Puebla,Heroica Puebla de Zaragoza,
72310,Militar Plaza Amalucan II,Unidad habitacional,Puebla,Puebla,Heroica Puebla de Zaragoza,
72990,Chachapa,Colonia,Amozoc,Puebla,Amozoc,
74727,Chapulco,Ranchería,Huehuetlán el Chico,Puebla,,
72320,Ciudad Satélite,Colonia,Puebla,Puebla,Heroica Puebla de Zaragoza,
74294,Club de Golf el Cristo,Fraccionamiento,Atlixco,Puebla,Atlixco,
72110,Club de Golf las Fuentes,Colonia,Puebla,Puebla,Heroica Puebla de Zaragoza,
72110,2a. Sección Club de Golf las Fuentes,Colonia,Puebla,Puebla,Heroica Puebla de Zaragoza,
72150,Club Britania,Colonia,Puebla,Puebla,Heroica Puebla de Zaragoza,
72450,Lomas Club de Golf,Colonia,Puebla,Puebla,Heroica Puebla de Zaragoza,
72460,Club de Golf Mayorazgo,Fraccionamiento,Puebla,Puebla,Heroica Puebla de Zaragoza,
72460,Club de Golf Puebla,Equipamiento,Puebla,Puebla,Heroica Puebla de Zaragoza,
72764,Club de Golf la Huerta,Fraccionamiento,San Pedro Cholula,Puebla,San Pedro Cholula,
72830,La Vista Contry Club,Fraccionamiento,San Andrés Cholula,Puebla,San Andrés Cholula,
72470,Vicente Guerrero,Colonia,Puebla,Puebla,Heroica Puebla de Zaragoza,
72836,Concepción la Cruz,Colonia,San Andrés Cholula,Puebla,San Andrés Cholula,
72499,Cabañas del Lago,Fraccionamiento,Puebla,Puebla,Heroica Puebla de Zaragoza,
72570,Coronel Miguel Auza,Colonia,Puebla,Puebla,Heroica Puebla de Zaragoza,
72193,Angelopolis,Zona comercial,Puebla,Puebla,Heroica Puebla de Zaragoza,
72453,Bosques de Angelopolis,Fraccionamiento,Puebla,Puebla,Heroica Puebla de Zaragoza,
72228,Santa Rosa,Colonia,Puebla,Puebla,Heroica Puebla de Zaragoza,
72100,La Covadonga,Colonia,Puebla,Puebla,Heroica Puebla de Zaragoza,
72100,Lomas Coyopotrero,Colonia,Puebla,Puebla,Heroica Puebla de Zaragoza,
75990,Cuarta Sección,Colonia,Coyomeapan,Puebla,,
72243,Cuauhtémoc,Colonia,Puebla,Puebla,Heroica Puebla de Zaragoza,
72814,Cube,Condominio,San Andrés Cholula,Puebla,San Andrés Cholula,
72814,Cube II,Condominio,San Andrés Cholula,Puebla,San Andrés Cholula,
75845,Las Cumbres de Chicometepec,Ranchería,Atexcal,Puebla,,
72805,Las Cumbres,Fraccionamiento,San Andrés Cholula,Puebla,San Andrés Cholula,
73135,Las Cumbres del Manzano,Ranchería,Honey,Puebla,,
72550,FOVISSSTE Damisar (San Baltazar Campeche),Fraccionamiento,Puebla,Puebla,Heroica Puebla de Zaragoza,
72900,Sección Décima de San Miguel Canoa,Colonia,Puebla,Puebla,,
74365,Las Huertas de Jesús Primera Sección,Colonia,Atlixco,Puebla,,
74820,De Jesús,Barrio,Santa Inés Ahuatempan,Puebla,,
72040,Valle del Ángel,Colonia,Puebla,Puebla,Heroica Puebla de Zaragoza,
72110,Paraíso del Angel,Colonia,Puebla,Puebla,Heroica Puebla de Zaragoza,
72575,Lomas del Ángel,Conjunto habitacional,Puebla,Puebla,Heroica Puebla de Zaragoza,
72595,Ex-Hacienda del Ángel,Fraccionamiento,Puebla,Puebla,Heroica Puebla de Zaragoza,
72115,Campestre del Bosque,Fraccionamiento,Puebla,Puebla,Heroica Puebla de Zaragoza,
72290,Rincón del Bosque,Colonia,Puebla,Puebla,Heroica Puebla de Zaragoza,
72310,Sendero del Bosque,Fraccionamiento,Puebla,Puebla,Heroica Puebla de Zaragoza,
72310,Real del Bosque,Colonia,Puebla,Puebla,Heroica Puebla de Zaragoza,
72360,Lomas Flor del Bosque,Colonia,Puebla,Puebla,Heroica Puebla de Zaragoza,
72360,San Juan Flor del Bosque,Colonia,Puebla,Puebla,Heroica Puebla de Zaragoza,
72520,Quintas del Bosque,Fraccionamiento,Puebla,Puebla,Heroica Puebla de Zaragoza,
72575,Paseos del Bosque,Fraccionamiento,Puebla,Puebla,Heroica Puebla de Zaragoza,
72017,Villas Diamante,Fraccionamiento,Puebla,Puebla,Heroica Puebla de Zaragoza,
72310,Real Diamante I,Fraccionamiento,Puebla,Puebla,Heroica Puebla de Zaragoza,
72310,Real Diamante II,Fraccionamiento,Puebla,Puebla,Heroica Puebla de Zaragoza,
72490,Villas Diamante II,Fraccionamiento,Puebla,Puebla,Heroica Puebla de Zaragoza,
72230,16 de Septiembre Norte,Colonia,Puebla,Puebla,Heroica Puebla de Zaragoza,
72017,Nueva San Salvador,Colonia,Puebla,Puebla,Heroica Puebla de Zaragoza,
75820,12 de Diciembre,Colonia,Santiago Miahuatlán,Puebla,,
72040,Rancho Colorado,Colonia,Puebla,Puebla,Heroica Puebla de Zaragoza,
72260,Hidalgo,Colonia,Puebla,Puebla,Heroica Puebla de Zaragoza,
72495,Ampliación Playas del Sur,Colonia,Puebla,Puebla,Heroica Puebla de Zaragoza,
73029,28 de Abril,Colonia,Pantepec,Puebla,,
72100,Bugambilias,Fraccionamiento,Puebla,Puebla,Heroica Puebla de Zaragoza,
72813,Acueducto San Román,Fraccionamiento,San Andrés Cholula,Puebla,San Andrés Cholula,
72837,Villa Alejandra,Fraccionamiento,San Andrés Cholula,Puebla,San Andrés Cholula,
72764,Cholollan,Fraccionamiento,San Pedro Cholula,Puebla,San Pedro Cholula,
75515,Los Reyes Altamira,Ranchería,Palmar de Bravo,Puebla,,
74620,Altavista,Colonia,Xochiltepec,Puebla,,
72000,San Francisco,Colonia,Puebla,Puebla,Heroica Puebla de Zaragoza,
72474,Las Torres,Unidad habitacional,Puebla,Puebla,Heroica Puebla de Zaragoza,
72595,18 de Marzo,Colonia,Puebla,Puebla,Heroica Puebla de Zaragoza,
72498,San Bernabe Temoxtitla,Colonia,Puebla,Puebla,Heroica Puebla de Zaragoza,
72227,6 de Junio,Colonia,Puebla,Puebla,Heroica Puebla de Zaragoza,
72474,Arboledas de Loma Bella,Colonia,Puebla,Puebla,Heroica Puebla de Zaragoza,
72498,Bosques de la Cañada,Colonia,Puebla,Puebla,Heroica Puebla de Zaragoza,
72499,Constitución Mexicana,Colonia,Puebla,Puebla,Heroica Puebla de Zaragoza,
72014,El Conde,Unidad habitacional,Puebla,Puebla,Heroica Puebla de Zaragoza,
72350,Pedregal,Colonia,Puebla,Puebla,Heroica Puebla de Zaragoza,
72270,Puebla,Colonia,Puebla,Puebla,Heroica Puebla de Zaragoza,
72260,Hidalgo,Colonia,Puebla,Puebla,Heroica Puebla de Zaragoza,
72365,Historiadores,Colonia,Puebla,Puebla,Heroica Puebla de Zaragoza,
72227,La Resurrección,Colonia,Puebla,Puebla,Heroica Puebla de Zaragoza,
72490,Lomas de Castillotla,Colonia,Puebla,Puebla,Heroica Puebla de Zaragoza,
72017,México 83,Colonia,Puebla,Puebla,Heroica Puebla de Zaragoza,
72017,México 83,Colonia,Puebla,Puebla,Heroica Puebla de Zaragoza,
72014,Miravalle,Colonia,Puebla,Puebla,Heroica Puebla de Zaragoza,
72490,Nueva Democracia,Colonia,Puebla,Puebla,Heroica Puebla de Zaragoza,
72229,Primero de Mayo,Colonia,Puebla,Puebla,Heroica Puebla de Zaragoza,
72200,Revolución Mexicana,Colonia,Puebla,Puebla,Heroica Puebla de Zaragoza,
72595,San Lorenzo,Conjunto habitacional,Puebla,Puebla,Heroica Puebla de Zaragoza,
72595,Santa Catarina,Colonia,Puebla,Puebla,Heroica Puebla de Zaragoza,
72595,Santa Catarina,Colonia,Puebla,Puebla,Heroica Puebla de Zaragoza,
72016,Seda Monsanto,Colonia,Puebla,Puebla,Heroica Puebla de Zaragoza,
72990,SIGNORET,Colonia,Amozoc,Puebla,Amozoc,
72219,Los Cerritos,Colonia,Puebla,Puebla,Heroica Puebla de Zaragoza,
72124,Vista Hermosa,Colonia,Puebla,Puebla,Heroica Puebla de Zaragoza,
75143,Lucía,Ranchería,Soltepec,Puebla,,
72070,Quetzalcoatl,Fraccionamiento,Puebla,Puebla,Heroica Puebla de Zaragoza,
72700,Ángeles,Fraccionamiento,Cuautlancingo,Puebla,Cuautlancingo,
72020,Francisco Villa,Colonia,Puebla,Puebla,Heroica Puebla de Zaragoza,
72495,La Antorchista,Colonia,Puebla,Puebla,Heroica Puebla de Zaragoza,
72825,Paseos del Ángel,Fraccionamiento,San Andrés Cholula,Puebla,San Andrés Cholula,
72260,Arboledas Guadalupe,Colonia,Puebla,Puebla,Heroica Puebla de Zaragoza,
72260,Arboledas Guadalupe,Colonia,Puebla,Puebla,Heroica Puebla de Zaragoza,
72540,San Ignacio,Conjunto habitacional,Puebla,Puebla,Heroica Puebla de Zaragoza,
73040,San Rafael,Ranchería,Venustiano Carranza,Puebla,,
72543,Alseseca,Colonia,Puebla,Puebla,Heroica Puebla de Zaragoza,
72825,Atlixcayotl 2000,Fraccionamiento,San Andrés Cholula,Puebla,San Andrés Cholula,
72825,Atlixcayotl 2000,Fraccionamiento,San Andrés Cholula,Puebla,San Andrés Cholula,
72023,Zona Cementos Atoyac,Equipamiento,Puebla,Puebla,Heroica Puebla de Zaragoza,
72503,Bandini Sección,Colonia,Puebla,Puebla,Heroica Puebla de Zaragoza,
72735,Diamante,Fraccionamiento,Cuautlancingo,Puebla,,
72814,Residencial Barrio Real,Fraccionamiento,San Andrés Cholula,Puebla,San Andrés Cholula,
72459,Bosques de Atoyac,Colonia,Puebla,Puebla,Heroica Puebla de Zaragoza,
72310,Bosques de Amalucan,Colonia,Puebla,Puebla,Heroica Puebla de Zaragoza,
72320,Chapultepec,Colonia,Puebla,Puebla,Heroica Puebla de Zaragoza,
72320,Chapultepec,Colonia,Puebla,Puebla,Heroica Puebla de Zaragoza,
72320,Chapultepec,Colonia,Puebla,Puebla,Heroica Puebla de Zaragoza,
72320,Chapultepec,Colonia,Puebla,Puebla,Heroica Puebla de Zaragoza,
72320,Chapultepec,Colonia,Puebla,Puebla,Heroica Puebla de Zaragoza,
72320,Chapultepec,Colonia,Puebla,Puebla,Heroica Puebla de Zaragoza,
72520,Bosques la Calera,Colonia,Puebla,Puebla,Heroica Puebla de Zaragoza,
72270,Puebla,Colonia,Puebla,Puebla,Heroica Puebla de Zaragoza,
72350,Pedregal,Colonia,Puebla,Puebla,Heroica Puebla de Zaragoza,
72090,San Sebastián,Barrio,Puebla,Puebla,Heroica Puebla de Zaragoza,
72813,Morillotla,Fraccionamiento,San Andrés Cholula,Puebla,San Andrés Cholula,
73025,Buena Vista,Ranchería,Pantepec,Puebla,,
72100,Bugambilias,Fraccionamiento,Puebla,Puebla,Heroica Puebla de Zaragoza,
72837,La Concepción,Fraccionamiento,San Andrés Cholula,Puebla,San Andrés Cholula,
72040,Rancho Colorado,Colonia,Puebla,Puebla,Heroica Puebla de Zaragoza,
73040,San Rafael,Ranchería,Venustiano Carranza,Puebla,,
73820,Cipreses,Colonia,Teziutlán,Puebla,Teziutlán,
72000,San Francisco,Colonia,Puebla,Puebla,Heroica Puebla de Zaragoza,
72470,Popular Castillotla,Colonia,Puebla,Puebla,Heroica Puebla de Zaragoza,
72823,Los Cedros,Conjunto habitacional,San Andrés Cholula,Puebla,San Andrés Cholula,
72019,Central de Abastos,Zona comercial,Puebla,Puebla,Heroica Puebla de Zaragoza,
72000,Puebla Centro,Colonia,Puebla,Puebla,Heroica Puebla de Zaragoza,
72000,Puebla Centro,Colonia,Puebla,Puebla,Heroica Puebla de Zaragoza,
74000,Centro,Colonia,San Martín Texmelucan,Puebla,San Martín Texmelucan de Labastida,
73820,Cipreses,Colonia,Teziutlán,Puebla,Teziutlán,
72089,San Antonio,Barrio,Puebla,Puebla,Heroica Puebla de Zaragoza,
72014,San José los Cerritos,Colonia,Puebla,Puebla,Heroica Puebla de Zaragoza,
72227,Cerro del Marqués,Colonia,Puebla,Puebla,Heroica Puebla de Zaragoza,
72494,San José Chapulco,Colonia,Puebla,Puebla,Heroica Puebla de Zaragoza,
72760,Cholula de Rivadabia Centro,Colonia,San Pedro Cholula,Puebla,San Pedro Cholula,
72100,Los Cipreses,Colonia,Puebla,Puebla,Heroica Puebla de Zaragoza,
72813,Atzala,Fraccionamiento,San Andrés Cholula,Puebla,San Andrés Cholula,
72150,Cipreses Zavaleta,Colonia,Puebla,Puebla,Heroica Puebla de Zaragoza,
72520,La Calera,Colonia,Puebla,Puebla,Heroica Puebla de Zaragoza,
72320,Ciudad Satélite,Colonia,Puebla,Puebla,Heroica Puebla de Zaragoza,
72270,Puebla,Colonia,Puebla,Puebla,Heroica Puebla de Zaragoza,
72050,Cleotilde Torres,Colonia,Puebla,Puebla,Heroica Puebla de Zaragoza,
72110,Club de Golf las Fuentes,Colonia,Puebla,Puebla,Heroica Puebla de Zaragoza,
72110,Club de Golf las Fuentes,Colonia,Puebla,Puebla,Heroica Puebla de Zaragoza,
72110,Club de Golf las Fuentes,Colonia,Puebla,Puebla,Heroica Puebla de Zaragoza,
72470,Vicente Guerrero,Colonia,Puebla,Puebla,Heroica Puebla de Zaragoza,
72595,Guadalupe,Colonia,Puebla,Puebla,Heroica Puebla de Zaragoza,
72570,Jardines de San Manuel,Colonia,Puebla,Puebla,Heroica Puebla de Zaragoza,
72193,Angelopolis,Zona comercial,Puebla,Puebla,Heroica Puebla de Zaragoza,
72228,Santa Rosa,Colonia,Puebla,Puebla,Heroica Puebla de Zaragoza,
72100,La Covadonga,Colonia,Puebla,Puebla,Heroica Puebla de Zaragoza,
72100,Lomas Coyopotrero,Colonia,Puebla,Puebla,Heroica Puebla de Zaragoza,
72823,Coyotepec,Colonia,San Andrés Cholula,Puebla,San Andrés Cholula,
72103,San Juan,Colonia,Puebla,Puebla,Heroica Puebla de Zaragoza,
72120,Centro Cruz del Sur,Zona comercial,Puebla,Puebla,Heroica Puebla de Zaragoza,
73438,Cuarta Sección (Potzilli),Rancho,Hueytlalpan,Puebla,,
72823,Cuayantla,Colonia,San Andrés Cholula,Puebla,San Andrés Cholula,
72805,Las Cumbres,Fraccionamiento,San Andrés Cholula,Puebla,San Andrés Cholula,
72550,FOVISSSTE Damisar (San Baltazar Campeche),Fraccionamiento,Puebla,Puebla,Heroica Puebla de Zaragoza,
72900,Sección Décima de San Miguel Canoa,Colonia,Puebla,Puebla,,
72960,Santa Cruz de la Amapola,Fraccionamiento,Puebla,Puebla,,
72040,Valle del Ángel,Colonia,Puebla,Puebla,Heroica Puebla de Zaragoza,
72115,Campestre del Bosque,Fraccionamiento,Puebla,Puebla,Heroica Puebla de Zaragoza,
74218,El Encanto del Cerril,Colonia,Atlixco,Puebla,Atlixco,
72423,El Ingeniero,Colonia,Puebla,Puebla,Heroica Puebla de Zaragoza,
72803,Rinconada de San Andrés,Fraccionamiento,San Andrés Cholula,Puebla,San Andrés Cholula,
72310,Real Diamante II,Fraccionamiento,Puebla,Puebla,Heroica Puebla de Zaragoza,
72495,Carmen Serdán,Colonia,Puebla,Puebla,Heroica Puebla de Zaragoza,
72762,Eccehomo,Barrio,San Pedro Cholula,Puebla,San Pedro Cholula,
73069,El Álamo,Ranchería,Tlaxco,Puebla,,
72735,Desarrollo Habitacional el Arcángel,Conjunto habitacional,Cuautlancingo,Puebla,,
72817,El Arenal,Colonia,San Andrés Cholula,Puebla,San Andrés Cholula,
72803,De San Andrés,Conjunto habitacional,San Andrés Cholula,Puebla,San Andrés Cholula,
72826,El Deseo,Fraccionamiento,San Andrés Cholula,Puebla,San Andrés Cholula,
72735,Diamante,Fraccionamiento,Cuautlancingo,Puebla,,
72365,El Salvador,Colonia,Puebla,Puebla,Heroica Puebla de Zaragoza,
73588,El Edén,Colonia,Hueytamalco,Puebla,,
72470,Eleganza,Fraccionamiento,Puebla,Puebla,Heroica Puebla de Zaragoza,
72464,El Encanto,Fraccionamiento,Puebla,Puebla,Heroica Puebla de Zaragoza,
72464,El Encanto,Fraccionamiento,Puebla,Puebla,Heroica Puebla de Zaragoza,
72490,Villas el Ensueño,Colonia,Puebla,Puebla,Heroica Puebla de Zaragoza,
72985,El Esfuerzo,Ranchería,Amozoc,Puebla,,
72103,El Fresno,Colonia,Puebla,Puebla,Heroica Puebla de Zaragoza,
72103,San Juan,Colonia,Puebla,Puebla,Heroica Puebla de Zaragoza,
72103,El Jaguey,Conjunto habitacional,Puebla,Puebla,Heroica Puebla de Zaragoza,
73256,El Milagro,Ranchería,Zihuateutla,Puebla,,
72520,La Calera,Colonia,Puebla,Puebla,Heroica Puebla de Zaragoza,
72825,El Molinito,Colonia,San Andrés Cholula,Puebla,San Andrés Cholula,
73248,El Dorado,Ranchería,Zihuateutla,Puebla,,
72993,El Naranjo,Fraccionamiento,Amozoc,Puebla,Amozoc,
72704,El Olivo,Fraccionamiento,Cuautlancingo,Puebla,Cuautlancingo,
72810,El Puente,Fraccionamiento,San Andrés Cholula,Puebla,San Andrés Cholula,
72495,El Refugio,Conjunto habitacional,Puebla,Puebla,Heroica Puebla de Zaragoza,
72495,El Refugio,Conjunto habitacional,Puebla,Puebla,Heroica Puebla de Zaragoza,
72020,El Riego Sur,Colonia,Puebla,Puebla,Heroica Puebla de Zaragoza,
75760,El Riego,Unidad habitacional,Tehuacán,Puebla,Tehuacán,
72103,El Riego Norte,Fraccionamiento,Puebla,Puebla,Heroica Puebla de Zaragoza,
72103,El Riego Norte,Fraccionamiento,Puebla,Puebla,Heroica Puebla de Zaragoza,
72973,San José el Rincón,Pueblo,Puebla,Puebla,,
73255,El Rosario (Anayal),Ranchería,Zihuateutla,Puebla,,
73255,El Rosario (Anayal),Ranchería,Zihuateutla,Puebla,,
72830,El Secreto,Fraccionamiento,San Andrés Cholula,Puebla,San Andrés Cholula,
72830,El Secreto,Fraccionamiento,San Andrés Cholula,Puebla,San Andrés Cholula,
72830,El Secreto,Fraccionamiento,San Andrés Cholula,Puebla,San Andrés Cholula,
72735,El Ensueño,Fraccionamiento,Cuautlancingo,Puebla,,
72490,El Triunfo,Conjunto habitacional,Puebla,Puebla,Heroica Puebla de Zaragoza,
72470,Popular Emiliano Zapata,Colonia,Puebla,Puebla,Heroica Puebla de Zaragoza,
72390,El Encinar 1ra. Sección,Colonia,Puebla,Puebla,Heroica Puebla de Zaragoza,
72390,El Encinar 1ra. Sección,Colonia,Puebla,Puebla,Heroica Puebla de Zaragoza,
72595,Ex-Hacienda del Ángel,Fraccionamiento,Puebla,Puebla,Heroica Puebla de Zaragoza,
72595,Camino Real,Fraccionamiento,Puebla,Puebla,Heroica Puebla de Zaragoza,
72825,San Martinito,Colonia,San Andrés Cholula,Puebla,San Andrés Cholula,
72410,La Noria,Colonia,Puebla,Puebla,Heroica Puebla de Zaragoza,
72453,Mayorazgo,Fraccionamiento,Puebla,Puebla,Heroica Puebla de Zaragoza,
72040,Rancho Colorado,Colonia,Puebla,Puebla,Heroica Puebla de Zaragoza,
73310,San Bartolo,Barrio,Zacatlán,Puebla,Zacatlán,
73310,San Bartolo,Barrio,Zacatlán,Puebla,Zacatlán,
72494,San José Chapulco,Colonia,Puebla,Puebla,Heroica Puebla de Zaragoza,
72103,San Juan,Colonia,Puebla,Puebla,Heroica Puebla de Zaragoza,
73025,Buena Vista,Ranchería,Pantepec,Puebla,,
73025,Buena Vista,Ranchería,Pantepec,Puebla,,
73025,Buena Vista,Ranchería,Pantepec,Puebla,,
73025,Buena Vista,Ranchería,Pantepec,Puebla,,
73025,Buena Vista,Ranchería,Pantepec,Puebla,,
72813,Morillotla,Fraccionamiento,San Andrés Cholula,Puebla,San Andrés Cholula,
72623,San José,Colonia,San Miguel Xoxtla,Puebla,,
72805,Santa Teresa,Fraccionamiento,San Andrés Cholula,Puebla,San Andrés Cholula,
72805,Santa Teresa,Fraccionamiento,San Andrés Cholula,Puebla,San Andrés Cholula,
72110,La Constancia,Colonia,Puebla,Puebla,Heroica Puebla de Zaragoza,
72803,Floral,Conjunto habitacional,San Andrés Cholula,Puebla,San Andrés Cholula,
72480,Torres de Mayorazgo Floresta,Condominio,Puebla,Puebla,Heroica Puebla de Zaragoza,
72498,San Isidro Castillotla,Colonia,Puebla,Puebla,Heroica Puebla de Zaragoza,
72100,FOVI,Colonia,Puebla,Puebla,Heroica Puebla de Zaragoza,
72495,El Refugio,Conjunto habitacional,Puebla,Puebla,Heroica Puebla de Zaragoza,
74290,Francisco I Madero,Colonia,Atlixco,Puebla,Atlixco,
72020,Francisco Villa,Colonia,Puebla,Puebla,Heroica Puebla de Zaragoza,
72193,Angelopolis,Zona comercial,Puebla,Puebla,Heroica Puebla de Zaragoza,
72228,San Aparicio las Fuentes,Colonia,Puebla,Puebla,Heroica Puebla de Zaragoza,
72580,Fundadores,Conjunto habitacional,Puebla,Puebla,Heroica Puebla de Zaragoza,
72229,Galaxia Bosques de Manzanilla,Colonia,Puebla,Puebla,Heroica Puebla de Zaragoza,
72229,Galaxia Bosques de Manzanilla,Colonia,Puebla,Puebla,Heroica Puebla de Zaragoza,
72828,Galeotitla,Colonia,San Andrés Cholula,Puebla,San Andrés Cholula,
72828,Galeotitla,Colonia,San Andrés Cholula,Puebla,San Andrés Cholula,
72370,Miguel Negrete,Colonia,Puebla,Puebla,Heroica Puebla de Zaragoza,
72498,Geovillas Castillotla,Unidad habitacional,Puebla,Puebla,Heroica Puebla de Zaragoza,
72570,La Hacienda,Colonia,Puebla,Puebla,Heroica Puebla de Zaragoza,
72480,Geovillas las Garzas,Fraccionamiento,Puebla,Puebla,Heroica Puebla de Zaragoza,
72480,Geovillas las Garzas,Fraccionamiento,Puebla,Puebla,Heroica Puebla de Zaragoza,
72825,Geovillas Santa Clara Sección I y II,Colonia,San Andrés Cholula,Puebla,San Andrés Cholula,
72723,Getzemani - El Nopalito,Conjunto habitacional,Cuautlancingo,Puebla,,
72350,Gonzalo Bautista O´Farril,Colonia,Puebla,Puebla,Heroica Puebla de Zaragoza,
73698,Gonzalo Bautista,Barrio,Zacapoaxtla,Puebla,,
72380,Ignacio Zaragoza,Colonia,Puebla,Puebla,Heroica Puebla de Zaragoza,
72580,Lagulena,Colonia,Puebla,Puebla,Heroica Puebla de Zaragoza,
72090,La Providencia,Colonia,Puebla,Puebla,Heroica Puebla de Zaragoza,
72090,La Providencia,Colonia,Puebla,Puebla,Heroica Puebla de Zaragoza,
72803,San Andrés,Conjunto habitacional,San Andrés Cholula,Puebla,San Andrés Cholula,
72595,Guadalupe,Colonia,Puebla,Puebla,Heroica Puebla de Zaragoza,
72014,El Conde,Unidad habitacional,Puebla,Puebla,Heroica Puebla de Zaragoza,
72595,Guadalupe,Colonia,Puebla,Puebla,Heroica Puebla de Zaragoza,
72230,Guadalupe Victoria Norte,Colonia,Puebla,Puebla,Heroica Puebla de Zaragoza,
72230,Guadalupe Victoria Norte,Colonia,Puebla,Puebla,Heroica Puebla de Zaragoza,
72229,Xonacatepec,Conjunto habitacional,Puebla,Puebla,Heroica Puebla de Zaragoza,
72760,Cholula,Unidad habitacional,San Pedro Cholula,Puebla,San Pedro Cholula,
72498,Hacienda de Castillotla,Colonia,Puebla,Puebla,Heroica Puebla de Zaragoza,
72490,Hacienda del Sur,Unidad habitacional,Puebla,Puebla,Heroica Puebla de Zaragoza,
72803,De San Andrés,Conjunto habitacional,San Andrés Cholula,Puebla,San Andrés Cholula,
72490,Hacienda el Cobre,Conjunto habitacional,Puebla,Puebla,Heroica Puebla de Zaragoza,
72490,Hacienda el Cobre,Conjunto habitacional,Puebla,Puebla,Heroica Puebla de Zaragoza,
72495,Hacienda las Fuentes,Fraccionamiento,Puebla,Puebla,Heroica Puebla de Zaragoza,
73173,Los Capulines,Colonia,Huauchinango,Puebla,Huauchinango,
73173,Los Capulines,Colonia,Huauchinango,Puebla,Huauchinango,
72103,San Juan,Colonia,Puebla,Puebla,Heroica Puebla de Zaragoza,
72590,San Miguel,Colonia,Puebla,Puebla,Heroica Puebla de Zaragoza,
72575,Heritage I,Conjunto habitacional,Puebla,Puebla,Heroica Puebla de Zaragoza,
72280,Héroes del 5 de Mayo,Colonia,Puebla,Puebla,Heroica Puebla de Zaragoza,
72990,San Martín,Colonia,Amozoc,Puebla,Amozoc,
75600,La Piedad,Barrio,Tlanepantla,Puebla,,
72424,Alpha 2,Fraccionamiento,Puebla,Puebla,Heroica Puebla de Zaragoza,
75050,González,Colonia,Tlachichuca,Puebla,,
73176,Insurgentes,Colonia,Huauchinango,Puebla,Huauchinango,
72420,Chula Vista,Colonia,Puebla,Puebla,Heroica Puebla de Zaragoza,
73176,Insurgentes,Colonia,Huauchinango,Puebla,Huauchinango,
73517,Tetelilla de Miguel Islas,Pueblo,Tuzamapan de Galeana,Puebla,,
72498,El Carruaje,Fraccionamiento,Puebla,Puebla,Heroica Puebla de Zaragoza,
72480,Los Molinos,Condominio,Puebla,Puebla,Heroica Puebla de Zaragoza,
72623,San José,Colonia,San Miguel Xoxtla,Puebla,,
72623,San José,Colonia,San Miguel Xoxtla,Puebla,,
72497,Paseos del Lago,Fraccionamiento,Puebla,Puebla,Heroica Puebla de Zaragoza,
72499,Santa Lucia,Colonia,Puebla,Puebla,Heroica Puebla de Zaragoza,
72499,Santa Lucia,Colonia,Puebla,Puebla,Heroica Puebla de Zaragoza,
72494,Santa Lucía 4,Fraccionamiento,Puebla,Puebla,Heroica Puebla de Zaragoza,
72494,Santa Lucía 4,Fraccionamiento,Puebla,Puebla,Heroica Puebla de Zaragoza,
72499,Santa Lucia,Colonia,Puebla,Puebla,Heroica Puebla de Zaragoza,
72494,Santa Lucia 2,Fraccionamiento,Puebla,Puebla,Heroica Puebla de Zaragoza,
72474,Jardín,Colonia,Puebla,Puebla,Heroica Puebla de Zaragoza,
72498,Jardines de Castillotla,Colonia,Puebla,Puebla,Heroica Puebla de Zaragoza,
72990,SIGNORET,Colonia,Amozoc,Puebla,Amozoc,
72498,Jardines de Juan Bosco,Colonia,Puebla,Puebla,Heroica Puebla de Zaragoza,
72564,Jardines de la Montaña,Fraccionamiento,Puebla,Puebla,Heroica Puebla de Zaragoza,
72040,La Pedrera,Colonia,Puebla,Puebla,Heroica Puebla de Zaragoza,
72100,Los Cipreses,Colonia,Puebla,Puebla,Heroica Puebla de Zaragoza,
72813,Morillotla,Fraccionamiento,San Andrés Cholula,Puebla,San Andrés Cholula,
72803,De San Andrés,Conjunto habitacional,San Andrés Cholula,Puebla,San Andrés Cholula,
72130,San Carlos,Fraccionamiento,Puebla,Puebla,Heroica Puebla de Zaragoza,
72020,San Jerónimo,Fraccionamiento,Puebla,Puebla,Heroica Puebla de Zaragoza,
72229,Jardines de San José Xonacatepec,Colonia,Puebla,Puebla,Heroica Puebla de Zaragoza,
72227,La Resurrección,Colonia,Puebla,Puebla,Heroica Puebla de Zaragoza,
72227,La Resurrección,Colonia,Puebla,Puebla,Heroica Puebla de Zaragoza,
72000,San Francisco,Colonia,Puebla,Puebla,Heroica Puebla de Zaragoza,
72100,El Jazmín,Conjunto habitacional,Puebla,Puebla,Heroica Puebla de Zaragoza,
72090,Jesús García,Colonia,Puebla,Puebla,Heroica Puebla de Zaragoza,
72016,Jorge Murad Macluf,Colonia,Puebla,Puebla,Heroica Puebla de Zaragoza,
72130,Obrera Textil José Abascal,Colonia,Puebla,Puebla,Heroica Puebla de Zaragoza,
72510,José López Portillo (CD.Niños),Colonia,Puebla,Puebla,Heroica Puebla de Zaragoza,
72020,Pino Suárez,Colonia,Puebla,Puebla,Heroica Puebla de Zaragoza,
72490,Joyas del Sur,Colonia,Puebla,Puebla,Heroica Puebla de Zaragoza,
72810,La Alfonsina,Fraccionamiento,San Andrés Cholula,Puebla,San Andrés Cholula,
75897,Actipan,Ranchería,Caltepec,Puebla,,
72824,La Arbolada,Fraccionamiento,San Andrés Cholula,Puebla,San Andrés Cholula,
72810,La Aureola,Conjunto habitacional,San Andrés Cholula,Puebla,San Andrés Cholula,
72100,San José la Cañada,Colonia,Puebla,Puebla,Heroica Puebla de Zaragoza,
72015,La Candelaria,Colonia,Puebla,Puebla,Heroica Puebla de Zaragoza,
72015,La Candelaria,Colonia,Puebla,Puebla,Heroica Puebla de Zaragoza,
72220,Corredor Industrial La Ciénega,Zona industrial,Puebla,Puebla,Heroica Puebla de Zaragoza,
72836,Concepción la Cruz,Colonia,San Andrés Cholula,Puebla,San Andrés Cholula,
72836,Concepción la Cruz,Colonia,San Andrés Cholula,Puebla,San Andrés Cholula,
72836,Concepción la Cruz,Colonia,San Andrés Cholula,Puebla,San Andrés Cholula,
72837,La Concepción,Fraccionamiento,San Andrés Cholula,Puebla,San Andrés Cholula,
72700,Villas la Escondida,Condominio,Cuautlancingo,Puebla,Cuautlancingo,
74993,Estancia Blanca (Rancho la Estancia Blanca),Ranchería,Chila,Puebla,,
72824,Rinconada de la Fortuna 2,Fraccionamiento,San Andrés Cholula,Puebla,San Andrés Cholula,
72824,Rinconada de la Fortuna 2,Fraccionamiento,San Andrés Cholula,Puebla,San Andrés Cholula,
72824,Rinconada de la Fortuna 2,Fraccionamiento,San Andrés Cholula,Puebla,San Andrés Cholula,
72370,La Gloria,Colonia,Puebla,Puebla,Heroica Puebla de Zaragoza,
72370,La Gloria,Colonia,Puebla,Puebla,Heroica Puebla de Zaragoza,
72100,La Guadalupana,Colonia,Puebla,Puebla,Heroica Puebla de Zaragoza,
72100,La Guadalupana,Colonia,Puebla,Puebla,Heroica Puebla de Zaragoza,
72190,Cortijo la Herradura,Colonia,Puebla,Puebla,Heroica Puebla de Zaragoza,
72190,Cortijo la Herradura,Colonia,Puebla,Puebla,Heroica Puebla de Zaragoza,
72190,Cortijo la Herradura,Colonia,Puebla,Puebla,Heroica Puebla de Zaragoza,
72154,La Loma (Ejido Romero Vargas,Colonia,Puebla,Puebla,Heroica Puebla de Zaragoza,
72154,La Loma (Ejido Romero Vargas,Colonia,Puebla,Puebla,Heroica Puebla de Zaragoza,
72154,La Loma (Ejido Romero Vargas,Colonia,Puebla,Puebla,Heroica Puebla de Zaragoza,
72154,La Loma (Ejido Romero Vargas,Colonia,Puebla,Puebla,Heroica Puebla de Zaragoza,
73312,La Loma,Ranchería,Zacatlán,Puebla,,
72010,Santa María la Rivera,Colonia,Puebla,Puebla,Heroica Puebla de Zaragoza,
73312,La Mesa,Ranchería,Zacatlán,Puebla,,
72810,Residencial la Mezza,Fraccionamiento,San Andrés Cholula,Puebla,San Andrés Cholula,
72820,La Misión,Fraccionamiento,San Andrés Cholula,Puebla,San Andrés Cholula,
73820,La Moraleda,Fraccionamiento,Teziutlán,Puebla,Teziutlán,
75613,San José la Nopalera,Ranchería,Tochtepec,Puebla,,
72040,Rancho Colorado,Colonia,Puebla,Puebla,Heroica Puebla de Zaragoza,
73895,Villas la Perla,Fraccionamiento,Teziutlán,Puebla,Teziutlán,
72040,Rancho Colorado,Colonia,Puebla,Puebla,Heroica Puebla de Zaragoza,
72840,La Purísima,Colonia,San Andrés Cholula,Puebla,San Andrés Cholula,
72840,La Purísima,Colonia,San Andrés Cholula,Puebla,San Andrés Cholula,
72590,San Miguel,Colonia,Puebla,Puebla,Heroica Puebla de Zaragoza,
72494,San Alfonso,Fraccionamiento,Puebla,Puebla,Heroica Puebla de Zaragoza,
72010,Santa María la Rivera,Colonia,Puebla,Puebla,Heroica Puebla de Zaragoza,
72130,Las Alamedas,Fraccionamiento,Puebla,Puebla,Heroica Puebla de Zaragoza,
72130,Las Alamedas,Fraccionamiento,Puebla,Puebla,Heroica Puebla de Zaragoza,
72762,La Santísima,Barrio,San Pedro Cholula,Puebla,San Pedro Cholula,
72703,Las Lunas,Fraccionamiento,Cuautlancingo,Puebla,Cuautlancingo,
72824,Las Galvias Residencial,Fraccionamiento,San Andrés Cholula,Puebla,San Andrés Cholula,
72070,Las Hadas,Colonia,Puebla,Puebla,Heroica Puebla de Zaragoza,
75681,Los Marías,Colonia,Tlacotepec de Benito Juárez,Puebla,,
72060,Las Pozas,Colonia,Puebla,Puebla,Heroica Puebla de Zaragoza,
72060,Las Pozas,Colonia,Puebla,Puebla,Heroica Puebla de Zaragoza,
72835,Las Sinfonías,Fraccionamiento,San Andrés Cholula,Puebla,San Andrés Cholula,
72835,Las Sinfonías,Fraccionamiento,San Andrés Cholula,Puebla,San Andrés Cholula,
73700,Las Trancas,Pueblo,Zaragoza,Puebla,,
72837,Las Vigas,Fraccionamiento,San Andrés Cholula,Puebla,San Andrés Cholula,
72830,La Vista Contry Club,Fraccionamiento,San Andrés Cholula,Puebla,San Andrés Cholula,
72450,Leobardo Coca,Colonia,Puebla,Puebla,Heroica Puebla de Zaragoza,
72830,Alta Vista,Fraccionamiento,San Andrés Cholula,Puebla,San Andrés Cholula,
72474,Loma Encantada,Colonia,Puebla,Puebla,Heroica Puebla de Zaragoza,
72470,Lomas del Sur,Colonia,Puebla,Puebla,Heroica Puebla de Zaragoza,
72470,Lomas del Sur,Colonia,Puebla,Puebla,Heroica Puebla de Zaragoza,
72193,Angelopolis,Zona comercial,Puebla,Puebla,Heroica Puebla de Zaragoza,
72193,Angelopolis,Zona comercial,Puebla,Puebla,Heroica Puebla de Zaragoza,
72623,Del Carmen,Barrio,San Miguel Xoxtla,Puebla,,
72450,Lomas Club de Golf,Colonia,Puebla,Puebla,Heroica Puebla de Zaragoza,
72574,Lomas del Mármol,Colonia,Puebla,Puebla,Heroica Puebla de Zaragoza,
72574,Lomas del Mármol,Colonia,Puebla,Puebla,Heroica Puebla de Zaragoza,
72574,Lomas del Mármol,Colonia,Puebla,Puebla,Heroica Puebla de Zaragoza,
72490,Lomas del Sol,Colonia,Puebla,Puebla,Heroica Puebla de Zaragoza,
72490,Lomas del Sol,Colonia,Puebla,Puebla,Heroica Puebla de Zaragoza,
72490,Lomas del Sol,Colonia,Puebla,Puebla,Heroica Puebla de Zaragoza,
72453,Mayorazgo,Fraccionamiento,Puebla,Puebla,Heroica Puebla de Zaragoza,
72494,San Alfonso,Fraccionamiento,Puebla,Puebla,Heroica Puebla de Zaragoza,
72573,Lomas San Miguel,Colonia,Puebla,Puebla,Heroica Puebla de Zaragoza,
72848,San Salvador,Colonia,San Andrés Cholula,Puebla,San Andrés Cholula,
72830,Lomas de la Toscana,Fraccionamiento,San Andrés Cholula,Puebla,San Andrés Cholula,
72830,Lomas de la Toscana,Fraccionamiento,San Andrés Cholula,Puebla,San Andrés Cholula,
72240,Plaza Loreto,Zona comercial,Puebla,Puebla,Heroica Puebla de Zaragoza,
72704,Alcatraces,Conjunto habitacional,Cuautlancingo,Puebla,Cuautlancingo,
75741,Electricistas,Colonia,Tehuacán,Puebla,Tehuacán,
72583,Los Faisanes,Fraccionamiento,Puebla,Puebla,Heroica Puebla de Zaragoza,
72270,Puebla,Colonia,Puebla,Puebla,Heroica Puebla de Zaragoza,
72270,Puebla,Colonia,Puebla,Puebla,Heroica Puebla de Zaragoza,
72776,Quinta Los Naranjos,Fraccionamiento,San Pedro Cholula,Puebla,San Pedro Cholula,
72776,Quinta Los Naranjos,Fraccionamiento,San Pedro Cholula,Puebla,San Pedro Cholula,
72106,Hacienda Los Olivos,Conjunto habitacional,Puebla,Puebla,Heroica Puebla de Zaragoza,
72100,Los Pinos,Condominio,Puebla,Puebla,Heroica Puebla de Zaragoza,
72815,Los Potrillos,Fraccionamiento,San Andrés Cholula,Puebla,San Andrés Cholula,
72702,Hacienda Los Rosales,Condominio,Cuautlancingo,Puebla,Cuautlancingo,
72810,Los Sapos,Conjunto habitacional,San Andrés Cholula,Puebla,San Andrés Cholula,
72810,Lumaha,Conjunto habitacional,San Andrés Cholula,Puebla,San Andrés Cholula,
72310,Lumbreras de Amalucan (Jardines),Colonia,Puebla,Puebla,Heroica Puebla de Zaragoza,
72825,Lyra,Conjunto habitacional,San Andrés Cholula,Puebla,San Andrés Cholula,
72593,Magisterial,Unidad habitacional,Puebla,Puebla,Heroica Puebla de Zaragoza,
72229,Galaxia Bosques de Manzanilla,Colonia,Puebla,Puebla,Heroica Puebla de Zaragoza,
72260,José María Morelos y Pavón,Colonia,Puebla,Puebla,Heroica Puebla de Zaragoza,
72777,Marsella,Fraccionamiento,San Pedro Cholula,Puebla,San Pedro Cholula,
72825,La Viga,Fraccionamiento,San Andrés Cholula,Puebla,San Andrés Cholula,
72453,Mayorazgo,Fraccionamiento,Puebla,Puebla,Heroica Puebla de Zaragoza,
72706,Villas Mediterraneo,Fraccionamiento,Cuautlancingo,Puebla,Cuautlancingo,
72260,Hidalgo,Colonia,Puebla,Puebla,Heroica Puebla de Zaragoza,
72380,El Chamizal,Colonia,Puebla,Puebla,Heroica Puebla de Zaragoza,
72623,San José,Colonia,San Miguel Xoxtla,Puebla,,
72813,Morillotla,Fraccionamiento,San Andrés Cholula,Puebla,San Andrés Cholula,
72000,San Francisco,Colonia,Puebla,Puebla,Heroica Puebla de Zaragoza,
72825,San Martinito,Colonia,San Andrés Cholula,Puebla,San Andrés Cholula,
72623,San José,Colonia,San Miguel Xoxtla,Puebla,,
72623,San José,Colonia,San Miguel Xoxtla,Puebla,,
72825,Molino Viejo,Conjunto habitacional,San Andrés Cholula,Puebla,San Andrés Cholula,
72835,Momosa,Fraccionamiento,San Andrés Cholula,Puebla,San Andrés Cholula,
72060,Real del Monte,Colonia,Puebla,Puebla,Heroica Puebla de Zaragoza,
72735,Villas de Morillotla,Fraccionamiento,Cuautlancingo,Puebla,,
72735,Villas de Morillotla,Fraccionamiento,Cuautlancingo,Puebla,,
74480,Santo Tomás,Colonia,Izúcar de Matamoros,Puebla,Izúcar de Matamoros,
74480,Santo Tomás,Colonia,Izúcar de Matamoros,Puebla,Izúcar de Matamoros,
74480,Santo Tomás,Colonia,Izúcar de Matamoros,Puebla,Izúcar de Matamoros,
73820,Novena del Carmen,Colonia,Teziutlán,Puebla,Teziutlán,
73820,Novena del Carmen,Colonia,Teziutlán,Puebla,Teziutlán,
72837,Nubes de Zavaleta,Fraccionamiento,San Andrés Cholula,Puebla,San Andrés Cholula,
72070,Nueva Aurora Popular,Colonia,Puebla,Puebla,Heroica Puebla de Zaragoza,
73257,Nueva,Finca,Zihuateutla,Puebla,,
72623,San José,Colonia,San Miguel Xoxtla,Puebla,,
72400,Amanecer,Conjunto habitacional,Puebla,Puebla,Heroica Puebla de Zaragoza,
73174,Nuevo Milenio,Fraccionamiento,Huauchinango,Puebla,Huauchinango,
72410,Los Volcanes,Colonia,Puebla,Puebla,Heroica Puebla de Zaragoza,
72680,San Francisco Ocotlán (Ocotlán),Pueblo,Coronango,Puebla,,
72825,Orión,Fraccionamiento,San Andrés Cholula,Puebla,San Andrés Cholula,
72825,Orión,Fraccionamiento,San Andrés Cholula,Puebla,San Andrés Cholula,
75537,Concepción Oviedo (Rancho Viejo),Ranchería,Chalchicomula de Sesma,Puebla,,
72825,Oyametl,Fraccionamiento,San Andrés Cholula,Puebla,San Andrés Cholula,
72824,Palma Sola,Fraccionamiento,San Andrés Cholula,Puebla,San Andrés Cholula,
72110,Paraíso del Angel,Colonia,Puebla,Puebla,Heroica Puebla de Zaragoza,
72824,Parma,Fraccionamiento,San Andrés Cholula,Puebla,San Andrés Cholula,
72826,Parque de la Plata,Fraccionamiento,San Andrés Cholula,Puebla,San Andrés Cholula,
72995,Flor del Bosque,Fraccionamiento,Amozoc,Puebla,Amozoc,
72826,Parque Terranova,Fraccionamiento,San Andrés Cholula,Puebla,San Andrés Cholula,
72826,Parque Veneto,Fraccionamiento,San Andrés Cholula,Puebla,San Andrés Cholula,
72410,Los Volcanes,Colonia,Puebla,Puebla,Heroica Puebla de Zaragoza,
72410,Los Volcanes,Colonia,Puebla,Puebla,Heroica Puebla de Zaragoza,
72803,De San Andrés,Conjunto habitacional,San Andrés Cholula,Puebla,San Andrés Cholula,
72470,Eleganza,Fraccionamiento,Puebla,Puebla,Heroica Puebla de Zaragoza,
72350,Pedregal,Colonia,Puebla,Puebla,Heroica Puebla de Zaragoza,
72490,Villas Perisur,Conjunto habitacional,Puebla,Puebla,Heroica Puebla de Zaragoza,
73058,Piedras Negras,Pueblo,Jalpan,Puebla,,
72104,Plan de Ayala Caleras,Colonia,Puebla,Puebla,Heroica Puebla de Zaragoza,
72495,Ampliación Playas del Sur,Colonia,Puebla,Puebla,Heroica Puebla de Zaragoza,
72100,Bugambilias,Fraccionamiento,Puebla,Puebla,Heroica Puebla de Zaragoza,
73785,San Pablo,Barrio,Libres,Puebla,,
72823,Plazuelas de San Bernardino,Fraccionamiento,San Andrés Cholula,Puebla,San Andrés Cholula,
72836,Pontevedra,Fraccionamiento,San Andrés Cholula,Puebla,San Andrés Cholula,
72060,Villa Posadas,Colonia,Puebla,Puebla,Heroica Puebla de Zaragoza,
72735,Santuario,Fraccionamiento,Cuautlancingo,Puebla,,
72735,Santuario,Fraccionamiento,Cuautlancingo,Puebla,,
72240,Adolfo López Mateos,Colonia,Puebla,Puebla,Heroica Puebla de Zaragoza,
73080,Ojo de Agua Primera Sección,Colonia,Xicotepec,Puebla,Xicotepec,
72150,San José del Puente,Colonia,Puebla,Puebla,Heroica Puebla de Zaragoza,
72225,Parque Industrial Puebla 2000,Zona industrial,Puebla,Puebla,Heroica Puebla de Zaragoza,
72270,Puebla,Colonia,Puebla,Puebla,Heroica Puebla de Zaragoza,
72270,Puebla,Colonia,Puebla,Puebla,Heroica Puebla de Zaragoza,
72762,La Santísima,Barrio,San Pedro Cholula,Puebla,San Pedro Cholula,
72360,Paraíso,Colonia,Puebla,Puebla,Heroica Puebla de Zaragoza,
72840,Puerta San Rafael,Fraccionamiento,San Andrés Cholula,Puebla,San Andrés Cholula,
75760,Puesta del Sol,Fraccionamiento,Tehuacán,Puebla,Tehuacán,
72805,Santa Teresa,Fraccionamiento,San Andrés Cholula,Puebla,San Andrés Cholula,
72700,La Quinta,Fraccionamiento,Cuautlancingo,Puebla,Cuautlancingo,
72813,Atzala,Fraccionamiento,San Andrés Cholula,Puebla,San Andrés Cholula,
72193,Angelopolis,Zona comercial,Puebla,Puebla,Heroica Puebla de Zaragoza,
72520,La Calera,Colonia,Puebla,Puebla,Heroica Puebla de Zaragoza,
72813,Morillotla,Fraccionamiento,San Andrés Cholula,Puebla,San Andrés Cholula,
72803,San Andrés,Conjunto habitacional,San Andrés Cholula,Puebla,San Andrés Cholula,
75897,Actipan,Ranchería,Caltepec,Puebla,,
72501,Azcarate,Colonia,Puebla,Puebla,Heroica Puebla de Zaragoza,
73053,El Pochote,Ranchería,Jalpan,Puebla,,
72980,Las Cruces,Colonia,Amozoc,Puebla,Amozoc,
72825,San Martinito,Colonia,San Andrés Cholula,Puebla,San Andrés Cholula,
72590,San Miguel,Colonia,Puebla,Puebla,Heroica Puebla de Zaragoza,
72825,Mira,Fraccionamiento,San Andrés Cholula,Puebla,San Andrés Cholula,
72705,Palmas,Conjunto habitacional,Cuautlancingo,Puebla,Cuautlancingo,
72813,Atzala,Fraccionamiento,San Andrés Cholula,Puebla,San Andrés Cholula,
72760,Cholula,Unidad habitacional,San Pedro Cholula,Puebla,San Pedro Cholula,
72760,Florencia,Fraccionamiento,San Pedro Cholula,Puebla,San Pedro Cholula,
72350,Pedregal,Colonia,Puebla,Puebla,Heroica Puebla de Zaragoza,
72813,Real de Morillotla,Fraccionamiento,San Andrés Cholula,Puebla,San Andrés Cholula,
72803,De San Andrés,Conjunto habitacional,San Andrés Cholula,Puebla,San Andrés Cholula,
72760,Real San Gregorio,Fraccionamiento,San Pedro Cholula,Puebla,San Pedro Cholula,
72210,San Pedro,Colonia,Puebla,Puebla,Heroica Puebla de Zaragoza,
72825,Real de Santa Clara I,Fraccionamiento,San Andrés Cholula,Puebla,San Andrés Cholula,
72825,Real de Santa Clara I,Fraccionamiento,San Andrés Cholula,Puebla,San Andrés Cholula,
72825,Real de Santa Clara II,Fraccionamiento,San Andrés Cholula,Puebla,San Andrés Cholula,
72160,Reforma,Colonia,Puebla,Puebla,Heroica Puebla de Zaragoza,
72360,Paraíso,Colonia,Puebla,Puebla,Heroica Puebla de Zaragoza,
72700,Ángeles,Fraccionamiento,Cuautlancingo,Puebla,Cuautlancingo,
72735,Diamante,Fraccionamiento,Cuautlancingo,Puebla,,
72520,La Calera,Colonia,Puebla,Puebla,Heroica Puebla de Zaragoza,
72814,El Barreal,Unidad habitacional,San Andrés Cholula,Puebla,San Andrés Cholula,
72530,Anzures,Fraccionamiento,Puebla,Puebla,Heroica Puebla de Zaragoza,
72400,Las Ánimas,Fraccionamiento,Puebla,Puebla,Heroica Puebla de Zaragoza,
72150,Residencial Ex-Hacienda de Zavaleta,Fraccionamiento,Puebla,Puebla,Heroica Puebla de Zaragoza,
72150,Rinconada de los Viveros,Colonia,Puebla,Puebla,Heroica Puebla de Zaragoza,
73309,Rinconada,Ejido,Chignahuapan,Puebla,,
72803,Rinconada de Atzala,Fraccionamiento,San Andrés Cholula,Puebla,San Andrés Cholula,
72754,La Rinconada,Fraccionamiento,San Pedro Cholula,Puebla,San Pedro Cholula,
72754,La Rinconada,Fraccionamiento,San Pedro Cholula,Puebla,San Pedro Cholula,
72813,Morillotla,Fraccionamiento,San Andrés Cholula,Puebla,San Andrés Cholula,
72813,Morillotla,Fraccionamiento,San Andrés Cholula,Puebla,San Andrés Cholula,
72803,Rinconada de San Andrés,Fraccionamiento,San Andrés Cholula,Puebla,San Andrés Cholula,
72754,La Rinconada,Fraccionamiento,San Pedro Cholula,Puebla,San Pedro Cholula,
73309,Rinconada,Ejido,Chignahuapan,Puebla,,
73040,San Rafael,Ranchería,Venustiano Carranza,Puebla,,
72825,Rinconada Santa Fe,Fraccionamiento,San Andrés Cholula,Puebla,San Andrés Cholula,
72735,Santa Cecilia,Unidad habitacional,Cuautlancingo,Puebla,,
72700,Ángeles,Fraccionamiento,Cuautlancingo,Puebla,Cuautlancingo,
72813,Atzala,Fraccionamiento,San Andrés Cholula,Puebla,San Andrés Cholula,
72980,La Cruz,Fraccionamiento,Amozoc,Puebla,Amozoc,
72160,La Paz,Colonia,Puebla,Puebla,Heroica Puebla de Zaragoza,
72498,Los Reyes,Fraccionamiento,Puebla,Puebla,Heroica Puebla de Zaragoza,
72000,San Francisco,Colonia,Puebla,Puebla,Heroica Puebla de Zaragoza,
72103,San Juan,Colonia,Puebla,Puebla,Heroica Puebla de Zaragoza,
72825,San Martinito,Colonia,San Andrés Cholula,Puebla,San Andrés Cholula,
72837,Rincón de Zavaleta,Fraccionamiento,San Andrés Cholula,Puebla,San Andrés Cholula,
72595,Santa Catarina,Colonia,Puebla,Puebla,Heroica Puebla de Zaragoza,
73073,El Rincón,Barrio,Tlacuilotepec,Puebla,,
73073,El Rincón,Barrio,Tlacuilotepec,Puebla,,
72803,San Andrés,Conjunto habitacional,San Andrés Cholula,Puebla,San Andrés Cholula,
72712,Río,Fraccionamiento,Cuautlancingo,Puebla,,
72824,Riviera del Garda,Fraccionamiento,San Andrés Cholula,Puebla,San Andrés Cholula,
72848,Saltepehz,Colonia,San Andrés Cholula,Puebla,San Andrés Cholula,
72090,Villa San Alejandro,Colonia,Puebla,Puebla,Heroica Puebla de Zaragoza,
72090,Villa San Alejandro,Colonia,Puebla,Puebla,Heroica Puebla de Zaragoza,
72310,Conjunto Habitacional San Andrés,Fraccionamiento,Puebla,Puebla,Heroica Puebla de Zaragoza,
72310,Conjunto Habitacional San Andrés,Fraccionamiento,Puebla,Puebla,Heroica Puebla de Zaragoza,
72310,Conjunto Habitacional San Andrés,Fraccionamiento,Puebla,Puebla,Heroica Puebla de Zaragoza,
72310,Conjunto Habitacional San Andrés,Fraccionamiento,Puebla,Puebla,Heroica Puebla de Zaragoza,
72815,San Andresito,Colonia,San Andrés Cholula,Puebla,San Andrés Cholula,
72089,San Antonio,Barrio,Puebla,Puebla,Heroica Puebla de Zaragoza,
72089,San Antonio,Barrio,Puebla,Puebla,Heroica Puebla de Zaragoza,
72550,San Baltazar Campeche,Colonia,Puebla,Puebla,Heroica Puebla de Zaragoza,
72992,Linda Vista,Colonia,Amozoc,Puebla,Amozoc,
74382,San Bartolome Chimalhuacan,Pueblo,San Diego la Mesa Tochimiltzingo,Puebla,,
72820,San Bernardino la Trinidad,Fraccionamiento,San Andrés Cholula,Puebla,San Andrés Cholula,
72820,San Bernardino Tlaxcalancingo,Pueblo,San Andrés Cholula,Puebla,San Andrés Cholula,
72229,Rancho San Diego,Colonia,Puebla,Puebla,Heroica Puebla de Zaragoza,
72229,Rancho San Diego,Colonia,Puebla,Puebla,Heroica Puebla de Zaragoza,
72229,Rancho San Diego,Colonia,Puebla,Puebla,Heroica Puebla de Zaragoza,
72229,Rancho San Diego,Colonia,Puebla,Puebla,Heroica Puebla de Zaragoza,
72755,San Diego,Fraccionamiento,San Pedro Cholula,Puebla,San Pedro Cholula,
72755,San Diego,Fraccionamiento,San Pedro Cholula,Puebla,San Pedro Cholula,
72000,San Francisco,Colonia,Puebla,Puebla,Heroica Puebla de Zaragoza,
72229,Campestre San Isidro,Colonia,Puebla,Puebla,Heroica Puebla de Zaragoza,
72840,San Isidro,Barrio,San Andrés Cholula,Puebla,San Andrés Cholula,
72290,Buenos Aires,Colonia,Puebla,Puebla,Heroica Puebla de Zaragoza,
72710,Villas San Jacinto,Fraccionamiento,Cuautlancingo,Puebla,,
72014,San José los Cerritos,Colonia,Puebla,Puebla,Heroica Puebla de Zaragoza,
72014,San José los Cerritos,Colonia,Puebla,Puebla,Heroica Puebla de Zaragoza,
72014,San José los Cerritos,Colonia,Puebla,Puebla,Heroica Puebla de Zaragoza,
72623,San José,Colonia,San Miguel Xoxtla,Puebla,,
72623,San José,Colonia,San Miguel Xoxtla,Puebla,,
72220,Maravillas,Fraccionamiento,Puebla,Puebla,Heroica Puebla de Zaragoza,
72103,San Juan,Colonia,Puebla,Puebla,Heroica Puebla de Zaragoza,
72103,San Juan,Colonia,Puebla,Puebla,Heroica Puebla de Zaragoza,
72583,San Luis,Fraccionamiento,Puebla,Puebla,Heroica Puebla de Zaragoza,
72825,San Martinito,Colonia,San Andrés Cholula,Puebla,San Andrés Cholula,
72825,San Martinito,Colonia,San Andrés Cholula,Puebla,San Andrés Cholula,
72464,Mateo Sección San José Maravillas,Colonia,Puebla,Puebla,Heroica Puebla de Zaragoza,
72590,San Miguel,Colonia,Puebla,Puebla,Heroica Puebla de Zaragoza,
72590,San Miguel,Colonia,Puebla,Puebla,Heroica Puebla de Zaragoza,
72866,San Nicolás,Colonia,Ocoyucan,Puebla,,
72014,San Pablo Xochimehuacan,Colonia,Puebla,Puebla,Heroica Puebla de Zaragoza,
72210,San Pedro,Colonia,Puebla,Puebla,Heroica Puebla de Zaragoza,
72210,San Pedro,Colonia,Puebla,Puebla,Heroica Puebla de Zaragoza,
72840,San Rafael Comac,Pueblo,San Andrés Cholula,Puebla,San Andrés Cholula,
72840,San Rafael Comac,Pueblo,San Andrés Cholula,Puebla,San Andrés Cholula,
72840,San Rafael Comac,Pueblo,San Andrés Cholula,Puebla,San Andrés Cholula,
72813,Acueducto San Román,Fraccionamiento,San Andrés Cholula,Puebla,San Andrés Cholula,
72017,Nueva San Salvador,Colonia,Puebla,Puebla,Heroica Puebla de Zaragoza,
72090,San Sebastián,Barrio,Puebla,Puebla,Heroica Puebla de Zaragoza,
72013,Santa Bárbara,Colonia,Puebla,Puebla,Heroica Puebla de Zaragoza,
72735,Santa Cecilia,Unidad habitacional,Cuautlancingo,Puebla,,
72170,Santa Cruz Guadalupe,Colonia,Puebla,Puebla,Heroica Puebla de Zaragoza,
72900,Tlapacoyan,Colonia,Puebla,Puebla,,
72229,Xonacatepec,Conjunto habitacional,Puebla,Puebla,Heroica Puebla de Zaragoza,
72776,Santa Elena,Fraccionamiento,San Pedro Cholula,Puebla,San Pedro Cholula,
72776,Santa Elena,Fraccionamiento,San Pedro Cholula,Puebla,San Pedro Cholula,
72814,Santa Emma,Fraccionamiento,San Andrés Cholula,Puebla,San Andrés Cholula,
72498,Hacienda Santa Fe,Colonia,Puebla,Puebla,Heroica Puebla de Zaragoza,
72498,Hacienda Santa Fe,Colonia,Puebla,Puebla,Heroica Puebla de Zaragoza,
72814,Santa Emma,Fraccionamiento,San Andrés Cholula,Puebla,San Andrés Cholula,
72498,Santa Isabel Castillotla,Conjunto habitacional,Puebla,Puebla,Heroica Puebla de Zaragoza,
72498,Santa Isabel Castillotla,Conjunto habitacional,Puebla,Puebla,Heroica Puebla de Zaragoza,
72499,Santa Lucia,Colonia,Puebla,Puebla,Heroica Puebla de Zaragoza,
72080,Santa María,Colonia,Puebla,Puebla,Heroica Puebla de Zaragoza,
72080,Santa María,Colonia,Puebla,Puebla,Heroica Puebla de Zaragoza,
72080,Santa María,Colonia,Puebla,Puebla,Heroica Puebla de Zaragoza,
72080,Santa María,Colonia,Puebla,Puebla,Heroica Puebla de Zaragoza,
72080,Santa María,Colonia,Puebla,Puebla,Heroica Puebla de Zaragoza,
72400,Las Ánimas,Fraccionamiento,Puebla,Puebla,Heroica Puebla de Zaragoza,
72227,Santiago de Los Leones,Colonia,Puebla,Puebla,Heroica Puebla de Zaragoza,
72227,Santiago de Los Leones,Colonia,Puebla,Puebla,Heroica Puebla de Zaragoza,
72410,Santiago,Barrio,Puebla,Puebla,Heroica Puebla de Zaragoza,
72810,Santo Niño,Barrio,San Andrés Cholula,Puebla,San Andrés Cholula,
72774,Santorini,Fraccionamiento,San Pedro Cholula,Puebla,San Pedro Cholula,
72768,Cerrada San Vicente,Fraccionamiento,San Pedro Cholula,Puebla,San Pedro Cholula,
72768,Cerrada San Vicente,Fraccionamiento,San Pedro Cholula,Puebla,San Pedro Cholula,
72498,Nueva Jerusalén,Colonia,Puebla,Puebla,Heroica Puebla de Zaragoza,
72227,Ampliación Rivera de Aparicio Segunda Sección,Colonia,Puebla,Puebla,Heroica Puebla de Zaragoza,
72900,Sección Sexta de San Miguel Canoa (Apantenco),Colonia,Puebla,Puebla,,
72823,Tepecuitlalpa,Colonia,San Andrés Cholula,Puebla,San Andrés Cholula,
72850,Tercera Sección de Santa Clara Ocoyucan,Colonia,Ocoyucan,Puebla,,
72193,Angelopolis,Zona comercial,Puebla,Puebla,Heroica Puebla de Zaragoza,
72820,San Bernardino Tlaxcalancingo,Pueblo,San Andrés Cholula,Puebla,San Andrés Cholula,
72820,San Bernardino Tlaxcalancingo,Pueblo,San Andrés Cholula,Puebla,San Andrés Cholula,
72820,San Bernardino Tlaxcalancingo,Pueblo,San Andrés Cholula,Puebla,San Andrés Cholula,
72825,Tlaxcalli Residencial,Fraccionamiento,San Andrés Cholula,Puebla,San Andrés Cholula,
72530,Anzures,Fraccionamiento,Puebla,Puebla,Heroica Puebla de Zaragoza,
72194,Del Arte,Conjunto habitacional,Puebla,Puebla,Heroica Puebla de Zaragoza,
72833,Torres de Plata,Condominio,San Andrés Cholula,Puebla,San Andrés Cholula,
72825,Mira,Fraccionamiento,San Andrés Cholula,Puebla,San Andrés Cholula,
72360,Veracruz,Colonia,Puebla,Puebla,Heroica Puebla de Zaragoza,
72480,Tres Cerritos,Colonia,Puebla,Puebla,Heroica Puebla de Zaragoza,
72013,Santa Bárbara,Colonia,Puebla,Puebla,Heroica Puebla de Zaragoza,
74290,Militar,Unidad habitacional,Atlixco,Puebla,Atlixco,
72350,Unidad San Ángel (San Salvador Ch.),Unidad habitacional,Puebla,Puebla,Heroica Puebla de Zaragoza,
72754,Uniko,Conjunto habitacional,San Pedro Cholula,Puebla,San Pedro Cholula,
72590,Universidad,Colonia,Puebla,Puebla,Heroica Puebla de Zaragoza,
72589,Universidades,Colonia,Puebla,Puebla,Heroica Puebla de Zaragoza,
72830,Valle Real,Fraccionamiento,San Andrés Cholula,Puebla,San Andrés Cholula,
72700,Ángeles,Fraccionamiento,Cuautlancingo,Puebla,Cuautlancingo,
72580,Vesta Hera,Fraccionamiento,Puebla,Puebla,Heroica Puebla de Zaragoza,
72810,Bertha,Colonia,San Andrés Cholula,Puebla,San Andrés Cholula,
72700,Ángeles,Fraccionamiento,Cuautlancingo,Puebla,Cuautlancingo,
72700,Ángeles,Fraccionamiento,Cuautlancingo,Puebla,Cuautlancingo,
72310,Villa Frescura VI,Condominio,Puebla,Puebla,Heroica Puebla de Zaragoza,
72030,Futura,Fraccionamiento,Puebla,Puebla,Heroica Puebla de Zaragoza,
72724,Villa Olímpica,Colonia,Cuautlancingo,Puebla,,
72724,Villa Olímpica,Colonia,Cuautlancingo,Puebla,,
72210,Roma,Colonia,Puebla,Puebla,Heroica Puebla de Zaragoza,
72193,Angelopolis,Zona comercial,Puebla,Puebla,Heroica Puebla de Zaragoza,
73040,San Rafael,Ranchería,Venustiano Carranza,Puebla,,
72764,Cholollan,Fraccionamiento,San Pedro Cholula,Puebla,San Pedro Cholula,
72836,Geovillas Atlixcayotl,Fraccionamiento,San Andrés Cholula,Puebla,San Andrés Cholula,
72810,Aztlán,Conjunto habitacional,San Andrés Cholula,Puebla,San Andrés Cholula,
75719,Villa Benavente,Fraccionamiento,Tehuacán,Puebla,Tehuacán,
73430,Cristo Rey,Ranchería,Hueytlalpan,Puebla,,
72703,Cuautlancingo,Conjunto habitacional,Cuautlancingo,Puebla,Cuautlancingo,
72835,Villas de Atlixco,Fraccionamiento,San Andrés Cholula,Puebla,San Andrés Cholula,
72520,La Calera,Colonia,Puebla,Puebla,Heroica Puebla de Zaragoza,
72837,Villa de Zavaleta,Fraccionamiento,San Andrés Cholula,Puebla,San Andrés Cholula,
73454,Primera Sección,Barrio,Huitzilan de Serdán,Puebla,,
72490,Villas el Ensueño,Colonia,Puebla,Puebla,Heroica Puebla de Zaragoza,
72810,El Puente,Fraccionamiento,San Andrés Cholula,Puebla,San Andrés Cholula,
72120,Independencia,Unidad habitacional,Puebla,Puebla,Heroica Puebla de Zaragoza,
72130,La Libertad,Colonia,Puebla,Puebla,Heroica Puebla de Zaragoza,
72410,La Noria,Colonia,Puebla,Puebla,Heroica Puebla de Zaragoza,
72040,La Pedrera,Colonia,Puebla,Puebla,Heroica Puebla de Zaragoza,
72776,Las Villas,Fraccionamiento,San Pedro Cholula,Puebla,San Pedro Cholula,
72050,Los Arcos,Fraccionamiento,Puebla,Puebla,Heroica Puebla de Zaragoza,
72100,Los Cipreses,Colonia,Puebla,Puebla,Heroica Puebla de Zaragoza,
72100,Magnolias,Colonia,Puebla,Puebla,Heroica Puebla de Zaragoza,
72735,Villas de Morillotla,Fraccionamiento,Cuautlancingo,Puebla,,
72825,Orión,Fraccionamiento,San Andrés Cholula,Puebla,San Andrés Cholula,
72825,Orión,Fraccionamiento,San Andrés Cholula,Puebla,San Andrés Cholula,
72260,Rementeria,Colonia,Puebla,Puebla,Heroica Puebla de Zaragoza,
72497,San Cristóbal,Colonia,Puebla,Puebla,Heroica Puebla de Zaragoza,
72090,San Sebastián,Barrio,Puebla,Puebla,Heroica Puebla de Zaragoza,
72595,Santa Catarina,Colonia,Puebla,Puebla,Heroica Puebla de Zaragoza,
72459,Azul,Fraccionamiento,Puebla,Puebla,Heroica Puebla de Zaragoza,
72194,Del Arte,Conjunto habitacional,Puebla,Puebla,Heroica Puebla de Zaragoza,
72830,Vista Real,Fraccionamiento,San Andrés Cholula,Puebla,San Andrés Cholula,
72830,Vista Real,Fraccionamiento,San Andrés Cholula,Puebla,San Andrés Cholula,
72824,Vistas del Ángel,Fraccionamiento,San Andrés Cholula,Puebla,San Andrés Cholula,
72837,Vistas del Volcán,Fraccionamiento,San Andrés Cholula,Puebla,San Andrés Cholula,
72595,Guadalupe,Colonia,Puebla,Puebla,Heroica Puebla de Zaragoza,
72828,Xicotzingo,Colonia,San Andrés Cholula,Puebla,San Andrés Cholula,
72150,Residencial Ex-Hacienda de Zavaleta,Fraccionamiento,Puebla,Puebla,Heroica Puebla de Zaragoza,
72150,Residencial Ex-Hacienda de Zavaleta,Fraccionamiento,Puebla,Puebla,Heroica Puebla de Zaragoza,
72837,La Concepción,Fraccionamiento,San Andrés Cholula,Puebla,San Andrés Cholula,
72193,Angelopolis,Zona comercial,Puebla,Puebla,Heroica Puebla de Zaragoza,
72193,Angelopolis,Zona comercial,Puebla,Puebla,Heroica Puebla de Zaragoza,
72193,Angelopolis,Zona comercial,Puebla,Puebla,Heroica Puebla de Zaragoza,
72810,Zona de Profesores,Fraccionamiento,San Andrés Cholula,Puebla,San Andrés Cholula,
